Date,LQD
2021-03-22,107.02455139160156
2021-03-23,107.33963012695312
2021-03-24,107.66295623779297
2021-03-25,107.53861999511719
2021-03-26,107.4639892578125
2021-03-29,107.20699310302734
2021-03-30,107.53861999511719
2021-03-31,107.82049560546875
2021-04-01,108.49668884277344
2021-04-05,107.96502685546875
2021-04-06,108.68772888183594
2021-04-07,108.47175598144531
2021-04-08,108.8705062866211
2021-04-09,108.64617919921875
2021-04-12,108.62126159667969
2021-04-13,109.10303497314453
2021-04-14,108.95354461669922
2021-04-15,109.62640380859375
2021-04-16,108.87882232666016
2021-04-19,108.5963134765625
2021-04-20,108.80400085449219
2021-04-21,109.17781066894531
2021-04-22,109.28582000732422
2021-04-23,109.3771743774414
2021-04-26,109.32735443115234
2021-04-27,108.83724212646484
2021-04-28,108.8538589477539
2021-04-29,108.72093200683594
2021-04-30,108.94523620605469
2021-05-03,109.20738220214844
2021-05-04,109.27399444580078
2021-05-05,109.40715789794922
2021-05-06,109.6152572631836
2021-05-07,109.65685272216797
2021-05-10,109.06592559814453
2021-05-11,108.66638946533203
2021-05-12,108.07549285888672
2021-05-13,108.48330688476562
2021-05-14,109.07427215576172
2021-05-17,108.94940948486328
2021-05-18,108.59150695800781
2021-05-19,108.40010070800781
2021-05-20,109.1408462524414
2021-05-21,109.21575164794922
2021-05-24,109.5154037475586
2021-05-25,109.9232177734375
2021-05-26,109.86493682861328
2021-05-27,109.53202819824219
2021-05-28,109.62358856201172
2021-06-01,109.63776397705078
2021-06-02,109.81288146972656
2021-06-03,109.37925720214844
2021-06-04,110.15475463867188
2021-06-07,110.06307220458984
2021-06-08,110.48001861572266
2021-06-09,110.88034057617188
2021-06-10,111.38066101074219
2021-06-11,111.4724349975586
2021-06-14,111.06376647949219
2021-06-15,111.14713287353516
2021-06-16,110.83029174804688
2021-06-17,111.4473876953125
2021-06-18,112.03117370605469
2021-06-21,111.38066101074219
2021-06-22,111.5641860961914
2021-06-23,111.38903045654297
2021-06-24,111.6058349609375
2021-06-25,111.31398010253906
2021-06-28,111.78932189941406
2021-06-29,111.92279052734375
2021-06-30,112.04782104492188
2021-07-01,111.95010375976562
2021-07-02,112.26754760742188
2021-07-06,112.67697143554688
2021-07-07,113.06136322021484
2021-07-08,113.11979675292969
2021-07-09,112.64356994628906
2021-07-12,112.58506774902344
2021-07-13,112.1673355102539
2021-07-14,112.68529510498047
2021-07-15,112.9276351928711
2021-07-16,112.76888275146484
2021-07-19,113.57931518554688
2021-07-20,113.42060852050781
2021-07-21,113.01952362060547
2021-07-22,113.4874267578125
2021-07-23,113.43730926513672
2021-07-26,113.1866683959961
2021-07-27,113.6712646484375
2021-07-28,113.87171936035156
2021-07-29,113.5459213256836
2021-07-30,113.63780975341797
2021-08-02,113.966796875
2021-08-03,114.08393096923828
2021-08-04,114.10909271240234
2021-08-05,113.64034271240234
2021-08-06,112.71125793457031
2021-08-09,112.22578430175781
2021-08-10,111.97469329833984
2021-08-11,112.15045928955078
2021-08-12,112.3094711303711
2021-08-13,113.06275177001953
2021-08-16,113.12979125976562
2021-08-17,112.92890167236328
2021-08-18,112.85356140136719
2021-08-19,113.11302185058594
2021-08-20,113.18830871582031
2021-08-23,113.27204895019531
2021-08-24,113.01255798339844
2021-08-25,112.71963500976562
2021-08-26,112.6861572265625
2021-08-27,113.31391143798828
2021-08-30,113.50639343261719
2021-08-31,113.2469711303711
2021-09-01,113.39286041259766
2021-09-02,113.59404754638672
2021-09-03,113.18319702148438
2021-09-07,112.64657592773438
2021-09-08,113.00709533691406
2021-09-09,113.7449722290039
2021-09-10,113.41797637939453
2021-09-13,113.69466400146484
2021-09-14,114.03843688964844
2021-09-15,113.90425872802734
2021-09-16,113.7449722290039
2021-09-17,113.49341583251953
2021-09-20,113.84558868408203
2021-09-21,113.83719635009766
2021-09-22,114.15583801269531
2021-09-23,113.36768341064453
2021-09-24,113.12451934814453
2021-09-27,113.06582641601562
2021-09-28,111.85845947265625
2021-09-29,111.83331298828125
2021-09-30,111.53984069824219
2021-10-01,112.35050201416016
2021-10-04,112.1656723022461
2021-10-05,111.70366668701172
2021-10-06,111.73725891113281
2021-10-07,111.24161529541016
2021-10-08,110.72918701171875
2021-10-11,110.51914978027344
2021-10-12,111.22480010986328
2021-10-13,111.78767395019531
2021-10-14,112.31690979003906
2021-10-15,111.91370391845703
2021-10-18,111.82128143310547
2021-10-19,111.2079849243164
2021-10-20,110.93917083740234
2021-10-21,110.7039794921875
2021-10-22,111.14918518066406
2021-10-25,111.1995849609375
2021-10-26,111.67848205566406
2021-10-27,112.35889434814453
2021-10-28,112.19087982177734
2021-10-29,112.13209533691406
2021-11-01,111.93174743652344
2021-11-02,112.36103820800781
2021-11-03,112.07483673095703
2021-11-04,112.66407775878906
2021-11-05,113.48895263671875
2021-11-08,113.22803497314453
2021-11-09,113.53105926513672
2021-11-10,112.36944580078125
2021-11-11,112.0495834350586
2021-11-12,111.93174743652344
2021-11-15,111.0816421508789
2021-11-16,110.89645385742188
2021-11-17,111.34255981445312
2021-11-18,111.59507751464844
2021-11-19,112.01592254638672
2021-11-22,111.03953552246094
2021-11-23,110.248291015625
2021-11-24,110.77859497070312
2021-11-26,111.67925262451172
2021-11-29,111.75499725341797
2021-11-30,111.99908447265625
2021-12-01,112.01510620117188
2021-12-02,112.27649688720703
2021-12-03,113.21249389648438
2021-12-06,112.63909912109375
2021-12-07,112.68968963623047
2021-12-08,111.93921661376953
2021-12-09,111.84645080566406
2021-12-10,111.97295379638672
2021-12-13,112.4788818359375
2021-12-14,111.97295379638672
2021-12-15,112.11627960205078
2021-12-16,112.1129379272461
2021-12-17,112.37481689453125
2021-12-20,111.88481903076172
2021-12-21,112.10448455810547
2021-12-22,112.28189849853516
2021-12-23,112.1129379272461
2021-12-27,112.44242095947266
2021-12-28,112.29881286621094
2021-12-29,111.68205261230469
2021-12-30,112.12982940673828
2021-12-31,111.96086883544922
2022-01-03,110.76957702636719
2022-01-04,110.86255645751953
2022-01-05,110.21198272705078
2022-01-06,110.06835174560547
2022-01-07,109.59525299072266
2022-01-10,109.49385070800781
2022-01-11,109.8233642578125
2022-01-12,109.74729919433594
2022-01-13,110.0937271118164
2022-01-14,109.12213134765625
2022-01-18,108.08293914794922
2022-01-19,108.251953125
2022-01-20,108.1927490234375
2022-01-21,108.90245056152344
2022-01-24,108.56452178955078
2022-01-25,108.26039123535156
2022-01-26,107.52531433105469
2022-01-27,107.77034759521484
2022-01-28,107.8886489868164
2022-01-31,107.93932342529297
2022-02-01,108.11878204345703
2022-02-02,108.1272201538086
2022-02-03,107.25537872314453
2022-02-04,106.18883514404297
2022-02-07,106.3835220336914
2022-02-08,105.98567199707031
2022-02-09,106.34120178222656
2022-02-10,104.89372253417969
2022-02-11,105.6724624633789
2022-02-14,104.7329330444336
2022-02-15,104.20809173583984
2022-02-16,104.36048889160156
2022-02-17,104.4366683959961
2022-02-18,104.69062805175781
2022-02-22,104.5551528930664
2022-02-23,103.60711669921875
2022-02-24,104.09807586669922
2022-02-25,104.52129364013672
2022-02-28,105.63863372802734
2022-03-01,105.9999771118164
2022-03-02,104.38838195800781
2022-03-03,104.77006530761719
2022-03-04,104.87185668945312
2022-03-07,103.59955596923828
2022-03-08,102.9803466796875
2022-03-09,103.1584701538086
2022-03-10,101.97948455810547
2022-03-11,101.93707275390625
2022-03-14,100.46118927001953
2022-03-15,101.25003051757812
2022-03-16,102.11518096923828
2022-03-17,103.11607360839844
2022-03-18,103.31964874267578
2022-03-21,101.88618469238281
2022-03-22,101.64021301269531
2022-03-23,101.92858123779297
2022-03-24,101.97097778320312
2022-03-25,101.16522216796875
2022-03-28,101.72503662109375
2022-03-29,102.58169555664062
2022-03-30,102.8191909790039
2022-03-31,102.58169555664062
2022-04-01,102.92593383789062
2022-04-04,103.28297424316406
2022-04-05,101.47246551513672
2022-04-06,100.87747955322266
2022-04-07,100.40996551513672
2022-04-08,99.61946868896484
2022-04-11,98.65045928955078
2022-04-12,98.71847534179688
2022-04-13,99.22848510742188
2022-04-14,98.07247924804688
2022-04-18,97.324462890625
2022-04-19,96.55096435546875
2022-04-20,97.5539779663086
2022-04-21,96.51699829101562
2022-04-22,96.40650939941406
2022-04-25,97.47748565673828
2022-04-26,97.42648315429688
2022-04-27,96.4914779663086
2022-04-28,96.7804946899414
2022-04-29,95.70948791503906
2022-05-02,95.1421127319336
2022-05-03,95.75552368164062
2022-05-04,96.69258880615234
2022-05-05,95.21028900146484
2022-05-06,94.40095520019531
2022-05-09,94.7331771850586
2022-05-10,95.13359069824219
2022-05-11,95.57659149169922
2022-05-12,95.61920166015625
2022-05-13,95.11656188964844
2022-05-16,95.24435424804688
2022-05-17,94.69916534423828
2022-05-18,95.04839324951172
2022-05-19,95.30402374267578
2022-05-20,95.77253723144531
2022-05-23,95.43175506591797
2022-05-24,96.68408966064453
2022-05-25,97.68083190917969
2022-05-26,97.7063980102539
2022-05-27,98.2175521850586
2022-05-31,97.49340057373047
2022-06-01,96.92464447021484
2022-06-02,96.96737670898438
2022-06-03,96.65994262695312
2022-06-06,95.97676849365234
2022-06-07,96.4891357421875
2022-06-08,95.93408203125
2022-06-09,95.30213928222656
2022-06-10,94.37986755371094
2022-06-13,92.2022705078125
2022-06-14,91.72402954101562
2022-06-15,93.15867614746094
2022-06-16,93.26117706298828
2022-06-17,93.44905090332031
2022-06-21,92.50969696044922
2022-06-22,93.184326171875
2022-06-23,93.9016342163086
2022-06-24,94.01264953613281
2022-06-27,93.15016174316406
2022-06-28,93.12455749511719
2022-06-29,93.67962646484375
2022-06-30,93.96144104003906
2022-07-01,95.1490478515625
2022-07-05,95.12339782714844
2022-07-06,94.6524429321289
2022-07-07,94.64387512207031
2022-07-08,94.48975372314453
2022-07-11,94.75517272949219
2022-07-12,94.89220428466797
2022-07-13,95.60289764404297
2022-07-14,94.99493408203125
2022-07-15,95.75700378417969
2022-07-18,95.08914184570312
2022-07-19,95.35456085205078
2022-07-20,95.2518310546875
2022-07-21,96.55333709716797
2022-07-22,97.2983169555664
2022-07-25,96.47627258300781
2022-07-26,96.45919036865234
2022-07-27,97.10135650634766
2022-07-28,97.9062728881836
2022-07-29,98.1374740600586
2022-08-01,98.33145141601562
2022-08-02,97.12976837158203
2022-08-03,98.18550872802734
2022-08-04,98.34002685546875
2022-08-05,97.00960540771484
2022-08-08,97.39583587646484
2022-08-09,96.95811462402344
2022-08-10,97.87653350830078
2022-08-11,96.9323501586914
2022-08-12,98.05677032470703
2022-08-15,97.98811340332031
2022-08-16,97.61046600341797
2022-08-17,96.69202423095703
2022-08-18,96.9409408569336
2022-08-19,95.79073333740234
2022-08-22,95.1469955444336
2022-08-23,95.25001525878906
2022-08-24,94.96675872802734
2022-08-25,95.94526672363281
2022-08-26,95.37017822265625
2022-08-29,94.66634368896484
2022-08-30,94.7864990234375
2022-08-31,93.79080963134766
2022-09-01,93.22618103027344
2022-09-02,93.29505920410156
2022-09-06,92.02974700927734
2022-09-07,93.28642272949219
2022-09-08,93.07123565673828
2022-09-09,93.28642272949219
2022-09-12,93.07984924316406
2022-09-13,92.40848541259766
2022-09-14,92.84747314453125
2022-09-15,92.3998794555664
2022-09-16,92.1847152709961
2022-09-19,92.33963775634766
2022-09-20,91.41865539550781
2022-09-21,91.76294708251953
2022-09-22,90.47181701660156
2022-09-23,90.21361541748047
2022-09-26,88.64705657958984
2022-09-27,87.31294250488281
2022-09-28,89.06884002685547
2022-09-29,88.40606689453125
2022-09-30,88.18226623535156
2022-10-03,89.8135986328125
2022-10-04,90.22814178466797
2022-10-05,89.5458984375
2022-10-06,89.3386459350586
2022-10-07,88.44913482666016
2022-10-10,87.65462493896484
2022-10-11,87.47328186035156
2022-10-12,87.36963653564453
2022-10-13,87.52507781982422
2022-10-14,86.68738555908203
2022-10-17,87.10192108154297
2022-10-18,87.62007904052734
2022-10-19,86.419677734375
2022-10-20,85.66837310791016
2022-10-21,85.91016387939453
2022-10-24,85.86699676513672
2022-10-25,87.01556396484375
2022-10-26,87.41282653808594
2022-10-27,87.81871032714844
2022-10-28,88.00005340576172
2022-10-31,87.52507781982422
2022-11-01,88.15483093261719
2022-11-02,87.73036193847656
2022-11-03,87.41852569580078
2022-11-04,87.59178924560547
2022-11-07,87.27127838134766
2022-11-08,87.63511657714844
2022-11-09,87.40988159179688
2022-11-10,90.33769226074219
2022-11-11,90.58025360107422
2022-11-14,90.12117004394531
2022-11-15,91.37715911865234
2022-11-16,92.15675354003906
2022-11-17,91.66300201416016
2022-11-18,91.65434265136719
2022-11-21,91.51575469970703
2022-11-22,92.3299789428711
2022-11-23,93.25682830810547
2022-11-25,93.35211944580078
2022-11-28,92.67648315429688
2022-11-29,92.2173843383789
2022-11-30,93.34343719482422
2022-12-01,94.51139831542969
2022-12-02,95.08493041992188
2022-12-05,94.27674865722656
2022-12-06,94.56352996826172
2022-12-07,95.6150131225586
2022-12-08,95.31085968017578
2022-12-09,94.59828186035156
2022-12-12,94.47662353515625
2022-12-13,95.30216979980469
2022-12-14,95.38906860351562
2022-12-15,95.4692611694336
2022-12-16,95.05960083007812
2022-12-19,94.10081481933594
2022-12-20,92.99384307861328
2022-12-21,93.63013458251953
2022-12-22,93.6039810180664
2022-12-23,93.31631469726562
2022-12-27,92.11347961425781
2022-12-28,91.82586669921875
2022-12-29,92.47956848144531
2022-12-30,91.89556121826172
2023-01-03,92.53189086914062
2023-01-04,93.20301818847656
2023-01-05,93.13329315185547
2023-01-06,94.65865325927734
2023-01-09,95.03345489501953
2023-01-10,94.71092987060547
2023-01-11,95.52156066894531
2023-01-12,96.60237121582031
2023-01-13,96.2885971069336
2023-01-17,95.93995666503906
2023-01-18,97.0643310546875
2023-01-19,96.8638687133789
2023-01-20,96.35831451416016
2023-01-23,96.07939910888672
2023-01-24,96.58494567871094
2023-01-25,96.62852478027344
2023-01-26,96.59365844726562
2023-01-27,96.31468200683594
2023-01-30,95.94865417480469
2023-01-31,96.6372299194336
2023-02-01,97.61822509765625
2023-02-02,97.75810241699219
2023-02-03,96.64773559570312
2023-02-06,95.90454864501953
2023-02-07,95.58979797363281
2023-02-08,95.68598175048828
2023-02-09,94.88159942626953
2023-02-10,94.21711730957031
2023-02-13,94.56685638427734
2023-02-14,94.33078002929688
2023-02-15,93.9722900390625
2023-02-16,93.22038269042969
2023-02-17,93.58760070800781
2023-02-21,92.25860595703125
2023-02-22,92.52091217041016
2023-02-23,93.24662017822266
2023-02-24,92.54714965820312
2023-02-27,92.57337951660156
2023-02-28,92.60836029052734
2023-03-01,92.03103637695312
2023-03-02,92.10997772216797
2023-03-03,93.15410614013672
2023-03-06,92.89965057373047
2023-03-07,92.63644409179688
2023-03-08,92.4872817993164
2023-03-09,92.39952850341797
2023-03-10,93.72443389892578
2023-03-13,93.80339813232422
2023-03-14,93.5226058959961
2023-03-15,94.4175796508789
2023-03-16,94.27716827392578
2023-03-17,94.7509765625
2023-03-20,94.47023010253906
2023-03-21,94.92646789550781
2023-03-22,95.47923278808594
2023-03-23,95.75120544433594
2023-03-24,96.04954528808594
2023-03-27,94.90015411376953
2023-03-28,94.74220275878906
2023-03-29,95.18091583251953
2023-03-30,95.3125228881836
2023-03-31,96.17235565185547
2023-04-03,96.75325012207031
2023-04-04,96.87648010253906
2023-04-05,97.19334411621094
2023-04-06,97.10533142089844
2023-04-10,96.65645599365234
2023-04-11,96.63005065917969
2023-04-12,96.42760467529297
2023-04-13,96.59483337402344
2023-04-14,96.27800750732422
2023-04-17,95.67069244384766
2023-04-18,95.98753356933594
2023-04-19,95.51226806640625
2023-04-20,95.87310791015625
2023-04-21,95.93473815917969
2023-04-24,96.35722351074219
2023-04-25,96.77967071533203
2023-04-26,96.35722351074219
2023-04-27,96.0051498413086
2023-04-28,96.75325012207031
2023-05-01,95.19189453125
2023-05-02,96.33995056152344
2023-05-03,96.49890899658203
2023-05-04,96.23399353027344
2023-05-05,95.85425567626953
2023-05-08,95.16539764404297
2023-05-09,95.13008880615234
2023-05-10,95.8807373046875
2023-05-11,96.25166320800781
2023-05-12,95.65995788574219
2023-05-15,95.14775848388672
2023-05-16,94.67084503173828
2023-05-17,94.6620101928711
2023-05-18,94.2646255493164
2023-05-19,94.14984130859375
2023-05-22,94.11451721191406
2023-05-23,94.30879211425781
2023-05-24,93.93785095214844
2023-05-25,93.6287612915039
2023-05-26,94.02618408203125
2023-05-30,94.73268127441406
2023-05-31,95.04177856445312
2023-06-01,95.33325958251953
2023-06-02,95.07633972167969
2023-06-05,94.87254333496094
2023-06-06,95.05858612060547
2023-06-07,94.20804595947266
2023-06-08,94.83709716796875
2023-06-09,94.58903503417969
2023-06-12,94.89028930664062
2023-06-13,94.46499633789062
2023-06-14,94.7573471069336
2023-06-15,95.58133697509766
2023-06-16,95.41300964355469
2023-06-20,95.75855255126953
2023-06-21,95.6522216796875
2023-06-22,95.15608978271484
2023-06-23,95.42186737060547
2023-06-26,95.52819061279297
2023-06-27,95.42186737060547
2023-06-28,95.83829498291016
2023-06-29,95.11177825927734
2023-06-30,95.81170654296875
2023-07-03,95.54328155517578
2023-07-05,94.85883331298828
2023-07-06,93.89888763427734
2023-07-07,93.80999755859375
2023-07-10,94.29885864257812
2023-07-11,94.74329376220703
2023-07-12,95.57881927490234
2023-07-13,96.25434112548828
2023-07-14,95.50769805908203
2023-07-17,95.66770935058594
2023-07-18,95.90767669677734
2023-07-19,96.44992065429688
2023-07-20,95.80104064941406
2023-07-21,95.96992492675781
2023-07-24,95.8543701171875
2023-07-25,95.7032699584961
2023-07-26,96.14768981933594
2023-07-27,94.97440338134766
2023-07-28,95.59661865234375
2023-07-31,95.86325073242188
2023-08-01,94.90803527832031
2023-08-02,94.32830810546875
2023-08-03,93.48095703125
2023-08-04,94.4531478881836
2023-08-07,94.22124481201172
2023-08-08,94.59585571289062
2023-08-09,94.6850357055664
2023-08-10,94.01610565185547
2023-08-11,93.6950454711914
2023-08-14,93.65937042236328
2023-08-15,93.16880798339844
2023-08-16,92.74960327148438
2023-08-17,92.49987030029297
2023-08-18,92.84773254394531
2023-08-21,92.29473114013672
2023-08-22,92.58015441894531
2023-08-23,93.88233184814453
2023-08-24,93.56124114990234
2023-08-25,93.6147689819336
2023-08-28,93.9090805053711
2023-08-29,94.65829467773438
2023-08-30,94.5245132446289
2023-08-31,94.6850357055664
2023-09-01,94.01103973388672
2023-09-05,93.33973693847656
2023-09-06,93.25022888183594
2023-09-07,93.66194915771484
2023-09-08,93.73358154296875
2023-09-11,93.55455017089844
2023-09-12,93.5276870727539
2023-09-13,93.73358154296875
2023-09-14,93.56352233886719
2023-09-15,93.4202880859375
2023-09-18,93.59930419921875
2023-09-19,93.28601837158203
2023-09-20,93.32180786132812
2023-09-21,92.38197326660156
2023-09-22,92.94588470458984
2023-09-25,92.0418701171875
2023-09-26,91.78228759765625
2023-09-27,91.3526382446289
2023-09-28,91.51375579833984
2023-09-29,91.31682586669922
2023-10-02,90.4802474975586
2023-10-03,89.43785095214844
2023-10-04,90.21965026855469
2023-10-05,90.11182403564453
2023-10-06,89.84223937988281
2023-10-09,90.95648193359375
2023-10-10,90.992431640625
2023-10-11,91.549560546875
2023-10-12,90.59705352783203
2023-10-13,91.10027313232422
2023-10-16,90.47126007080078
2023-10-17,89.75235748291016
2023-10-18,89.03348541259766
2023-10-19,88.31460571289062
2023-10-20,88.66505432128906
2023-10-23,89.35698699951172
2023-10-24,89.86021423339844
2023-10-25,89.0424575805664
2023-10-26,89.68946075439453
2023-10-27,89.50972747802734
2023-10-30,89.24018096923828
2023-10-31,89.11434936523438
2023-11-01,90.38965606689453
2023-11-02,91.46295928955078
2023-11-03,91.91388702392578
2023-11-06,91.42687225341797
2023-11-07,92.15740966796875
2023-11-08,92.62641906738281
2023-11-09,91.68841552734375
2023-11-10,92.14839172363281
2023-11-13,92.15740966796875
2023-11-14,93.60047149658203
2023-11-15,93.11343383789062
2023-11-16,93.88005828857422
2023-11-17,94.150634765625
2023-11-20,94.52944946289062
2023-11-21,94.5564956665039
2023-11-22,94.935302734375
2023-11-24,94.44828033447266
2023-11-27,95.21488189697266
2023-11-28,95.59369659423828
2023-11-29,96.36935424804688
2023-11-30,95.86426544189453
2023-12-01,97.01847839355469
2023-12-04,96.57491302490234
2023-12-05,97.34440612792969
2023-12-06,97.70648956298828
2023-12-07,97.715576171875
2023-12-08,97.19049835205078
2023-12-11,97.1633529663086
2023-12-12,97.715576171875
2023-12-13,99.35411834716797
2023-12-14,100.4107437133789
2023-12-15,100.26537322998047
2023-12-18,99.84745025634766
2023-12-19,99.97463989257812
2023-12-20,100.23809814453125
2023-12-21,100.2017593383789
2023-12-22,100.02914428710938
2023-12-26,100.23809814453125
2023-12-27,101.17390441894531
2023-12-28,100.91045379638672
2023-12-29,100.53793334960938
2024-01-02,99.85652923583984
2024-01-03,99.62939453125
2024-01-04,99.07520294189453
2024-01-05,98.72088623046875
2024-01-08,99.47493743896484
2024-01-09,99.64756774902344
2024-01-10,99.52037811279297
2024-01-11,100.12001037597656
2024-01-12,100.33804321289062
2024-01-16,99.32051086425781
2024-01-17,99.1115493774414
2024-01-18,98.92073822021484
2024-01-19,99.02066802978516
2024-01-22,99.29322814941406
2024-01-23,98.92984008789062
2024-01-24,98.7390365600586
2024-01-25,99.3931884765625
2024-01-26,99.1115493774414
2024-01-29,99.52037811279297
2024-01-30,99.83836364746094
2024-01-31,100.09273529052734
2024-02-01,100.8668212890625
2024-02-02,99.94597625732422
2024-02-05,98.98861694335938
2024-02-06,99.54479217529297
2024-02-07,99.25303649902344
2024-02-08,98.7424545288086
2024-02-09,98.61480712890625
2024-02-12,98.6239242553711
2024-02-13,97.53892517089844
2024-02-14,97.99481964111328
2024-02-15,98.35038757324219
2024-02-16,97.99481964111328
2024-02-20,98.32303619384766
2024-02-21,98.07685852050781
2024-02-22,98.23185729980469
2024-02-23,98.52364349365234
2024-02-26,98.21366882324219
2024-02-27,98.07685852050781
2024-02-28,98.06777954101562
2024-02-29,98.158935546875
2024-03-01,98.75647735595703
2024-03-04,98.5734634399414
2024-03-05,99.11337280273438
2024-03-06,99.37873840332031
2024-03-07,99.62582397460938
2024-03-08,99.76306915283203
2024-03-11,99.7813720703125
2024-03-12,99.46112060546875
2024-03-13,99.36042785644531
2024-03-14,98.62836456298828
2024-03-15,98.65581512451172
2024-03-18,98.49109649658203
2024-03-19,98.77481079101562
2024-03-20,98.95779418945312
2024-03-21,99.10421752929688
2024-03-22,99.44278717041016
2024-03-25,99.10421752929688
2024-03-26,99.0767822265625
2024-03-27,99.76306915283203
2024-03-28,99.67157745361328
2024-04-01,98.71719360351562
2024-04-02,98.57019805908203
2024-04-03,98.6344985961914
2024-04-04,98.74474334716797
2024-04-05,98.31300354003906
2024-04-08,98.30384826660156
2024-04-09,98.80904388427734
2024-04-10,97.40367889404297
2024-04-11,97.20156860351562
2024-04-12,97.4220199584961
2024-04-15,96.3473129272461
2024-04-16,96.02581024169922
2024-04-17,96.54940032958984
2024-04-18,96.35652160644531
2024-04-19,96.4575424194336
2024-04-22,96.69638061523438
2024-04-23,96.86170959472656
2024-04-24,96.48511505126953
2024-04-25,96.2003402709961
2024-04-26,96.5677719116211
2024-04-29,96.97193908691406
2024-04-30,96.43917083740234
2024-05-01,96.84033203125
2024-05-02,97.43975830078125
2024-05-03,98.12220001220703
2024-05-06,98.39884948730469
2024-05-07,98.44496154785156
2024-05-08,98.19595336914062
2024-05-09,98.35272979736328
2024-05-10,98.03919219970703
2024-05-13,98.07608795166016
2024-05-14,98.3619613647461
2024-05-15,99.2380599975586
2024-05-16,99.0812759399414
2024-05-17,98.85073852539062
2024-05-20,98.80461883544922
2024-05-21,98.97062683105469
2024-05-22,98.82306671142578
2024-05-23,98.38961791992188
2024-05-24,98.65706634521484
2024-05-28,98.06684875488281
2024-05-29,97.54119110107422
2024-05-30,98.1406478881836
2024-05-31,98.57406616210938
2024-06-03,99.25445556640625
2024-06-04,99.64324951171875
2024-06-05,99.97650909423828
2024-06-06,99.9117202758789
2024-06-07,99.01376342773438
2024-06-10,98.81012725830078
2024-06-11,99.2359619140625
2024-06-12,99.846923828125
2024-06-13,100.31903076171875
2024-06-14,100.40234375
2024-06-17,99.93020629882812
2024-06-18,100.3930892944336
2024-06-20,100.05982971191406
2024-06-21,100.08760070800781
2024-06-24,100.18941497802734
2024-06-25,100.15241241455078
2024-06-26,99.60623931884766
2024-06-27,99.80062866210938
2024-06-28,99.16190338134766
2024-07-01,98.57292938232422
2024-07-02,99.20462036132812
2024-07-03,99.9384994506836
2024-07-05,100.45872497558594
2024-07-08,100.4494400024414
2024-07-09,100.2636489868164
2024-07-10,100.50518035888672
2024-07-11,101.04397583007812
2024-07-12,101.41556549072266
2024-07-15,100.85819244384766
2024-07-16,101.44343566894531
2024-07-17,101.48988342285156
2024-07-18,101.05327606201172
2024-07-19,100.68169403076172
2024-07-22,100.62593078613281
2024-07-23,100.55164337158203
2024-07-24,99.9384994506836
2024-07-25,100.33797454833984
2024-07-26,100.89533233642578
2024-07-29,101.10901641845703
2024-07-30,101.192626953125
2024-07-31,101.77787017822266
2024-08-01,102.1153564453125
2024-08-02,103.1129150390625
2024-08-05,102.85188293457031
2024-08-06,102.18061065673828
2024-08-07,101.7144775390625
2024-08-08,101.76107788085938
2024-08-09,102.28317260742188
2024-08-12,102.49759674072266
2024-08-13,103.21548461914062
2024-08-14,103.67231750488281
2024-08-15,103.35531616210938
2024-08-16,103.6629867553711
2024-08-19,103.9053726196289
2024-08-20,104.17574310302734
2024-08-21,104.40882873535156
2024-08-22,103.97996520996094
2024-08-23,104.57665252685547
2024-08-26,104.44612121582031
2024-08-27,104.36221313476562
2024-08-28,104.14778137207031
2024-08-29,103.97064208984375
2024-08-30,103.68162536621094
2024-09-03,103.9950942993164
2024-09-04,104.64073944091797
2024-09-05,105.15538024902344
2024-09-06,105.10860443115234
2024-09-09,105.34253692626953
2024-09-10,105.63258361816406
2024-09-11,105.67938995361328
2024-09-12,105.6045150756836
2024-09-13,105.93204498291016
2024-09-16,106.39986419677734
2024-09-17,106.40924072265625
2024-09-18,105.96945190429688
2024-09-19,106.06302642822266
2024-09-20,106.15660095214844
2024-09-23,106.00689697265625
2024-09-24,106.18467712402344
2024-09-25,105.55773162841797
2024-09-26,105.55773162841797
2024-09-27,105.97881317138672
2024-09-30,105.71681213378906
2024-10-01,106.2248764038086
2024-10-02,105.99010467529297
2024-10-03,105.30452728271484
2024-10-04,104.73165130615234
2024-10-07,104.19635772705078
2024-10-08,104.4029541015625
2024-10-09,104.19635772705078
2024-10-10,104.08367156982422
2024-10-11,104.06487274169922
2024-10-14,104.07427978515625
2024-10-15,104.58141326904297
2024-10-16,104.91009521484375
2024-10-17,104.13062286376953
2024-10-18,104.00852966308594
2024-10-21,102.94731903076172
2024-10-22,102.93793487548828
2024-10-23,102.59043884277344
2024-10-24,102.90036010742188
2024-10-25,102.65618896484375
2024-10-28,102.5716552734375
2024-10-29,102.69375610351562
2024-10-30,102.56227111816406
2024-10-31,102.35566711425781
2024-11-01,101.7948989868164
2024-11-04,102.54885864257812
2024-11-05,103.0389404296875
2024-11-06,101.96454620361328
2024-11-07,103.17089080810547
2024-11-08,103.52901458740234
2024-11-11,103.33111572265625
2024-11-12,102.39806365966797
2024-11-13,102.01165771484375
2024-11-14,101.9833984375
2024-11-15,102.03050994873047
2024-11-18,102.21898651123047
2024-11-19,102.4357681274414
2024-11-20,102.19072723388672
2024-11-21,102.06820678710938
2024-11-22,102.16246795654297
2024-11-25,103.43477630615234
2024-11-26,103.17089080810547
2024-11-27,103.54788208007812
2024-11-29,104.18873596191406
2024-12-02,104.35237121582031
2024-12-03,103.98351287841797
2024-12-04,104.48475646972656
2024-12-05,104.45639038085938
2024-12-06,104.69282531738281
2024-12-09,104.42802429199219
2024-12-10,104.26726531982422
2024-12-11,103.98351287841797
2024-12-12,103.39716339111328
2024-12-13,102.82026672363281
2024-12-16,102.95266723632812
2024-12-17,102.96212768554688
2024-12-18,101.68560791015625
2024-12-19,101.1351318359375
2024-12-20,101.53376007080078
2024-12-23,101.2395248413086
2024-12-24,101.552734375
2024-12-26,101.64765167236328
2024-12-27,101.2205581665039
2024-12-30,101.6571273803711
2024-12-31,101.40086364746094
2025-01-02,101.41036987304688
2025-01-03,101.173095703125
2025-01-06,100.91683959960938
2025-01-07,100.4517822265625
2025-01-08,100.61312103271484
2025-01-10,100.03417205810547
2025-01-13,99.74945831298828
2025-01-14,99.86335754394531
2025-01-15,101.05921173095703
2025-01-16,101.25851440429688
2025-01-17,101.34393310546875
2025-01-21,101.93238067626953
2025-01-22,101.60968017578125
2025-01-23,101.46731567382812
2025-01-24,101.6666259765625
2025-01-27,102.36894226074219
2025-01-28,102.22660064697266
2025-01-29,102.09370422363281
2025-01-30,102.32149505615234
2025-01-31,101.98931884765625
2025-02-03,102.1502914428711
2025-02-04,102.35032653808594
2025-02-05,103.06472778320312
2025-02-06,102.87422943115234
2025-02-07,102.42652130126953
2025-02-10,102.4551010131836
2025-02-11,102.22649383544922
2025-02-12,101.67401885986328
2025-02-13,102.46461486816406
2025-02-14,102.86469268798828
2025-02-18,102.44559478759766
2025-02-19,102.50273895263672
2025-02-20,102.75040435791016
2025-02-21,103.11235809326172
2025-02-24,103.37907409667969
2025-02-25,104.16966247558594
2025-02-26,104.38874816894531
2025-02-27,103.95059967041016
2025-02-28,104.40780639648438
2025-03-03,104.7376937866211
2025-03-04,104.39347076416016
2025-03-05,104.0588150024414
2025-03-06,103.73372650146484
2025-03-07,103.57117462158203
2025-03-10,103.92494201660156
2025-03-11,103.24606323242188
2025-03-12,102.94010925292969
2025-03-13,103.26520538330078
2025-03-14,103.2173843383789
2025-03-17,103.427734375
2025-03-18,103.67635345458984
2025-03-19,104.28829193115234
2025-03-20,104.13531494140625
2025-03-21,103.99188232421875
2025-03-24,103.54249572753906
2025-03-25,103.64766693115234
2025-03-26,103.22695922851562
2025-03-27,103.10265350341797
2025-03-28,103.72415924072266
2025-03-31,103.92494201660156
2025-04-01,104.29640197753906
2025-04-02,104.53636169433594
2025-04-03,104.52677154541016
2025-04-04,104.41157531738281
2025-04-07,102.37672424316406
2025-04-08,101.0809326171875
2025-04-09,102.7702407836914
2025-04-10,101.02334594726562
2025-04-11,101.00414276123047
2025-04-14,101.62803649902344
2025-04-15,102.1751480102539
2025-04-16,102.60708618164062
2025-04-17,102.46310424804688
2025-04-21,101.35928344726562
2025-04-22,101.6088638305664
2025-04-23,102.05996704101562
2025-04-24,103.10620880126953
2025-04-25,103.6533203125
2025-04-28,103.89327239990234
2025-04-29,104.13323974609375
2025-04-30,103.64371490478516
2025-05-01,103.2794418334961
2025-05-02,103.02888488769531
2025-05-05,102.88432312011719
2025-05-06,103.0866928100586
2025-05-07,103.2987060546875
2025-05-08,102.77830505371094
2025-05-09,102.7397689819336
2025-05-12,102.72048950195312
2025-05-13,102.80722045898438
2025-05-14,102.28682708740234
2025-05-15,103.01922607421875
2025-05-16,103.21196746826172
2025-05-19,103.22161102294922
2025-05-20,102.97103881835938
2025-05-21,101.82426452636719
2025-05-22,102.34465026855469
2025-05-23,102.4217529296875
2025-05-27,103.34688568115234
2025-05-28,103.09634399414062
2025-05-29,103.55891418457031
2025-05-30,103.85765075683594
2025-06-02,103.56360626220703
2025-06-03,103.61196899414062
2025-06-04,104.3664321899414
2025-06-05,104.04723358154297
2025-06-06,103.41852569580078
2025-06-09,103.72803497314453
2025-06-10,103.97953796386719
2025-06-11,104.30839538574219
2025-06-12,104.88874053955078
2025-06-13,104.26002502441406
2025-06-16,104.07626342773438
2025-06-17,104.43414306640625
2025-06-18,104.51152038574219
2025-06-20,104.59856414794922
2025-06-23,104.8597412109375
2025-06-24,105.35301971435547
2025-06-25,105.22728729248047
2025-06-26,105.61418151855469
2025-06-27,105.44007873535156
2025-06-30,106.02043151855469
2025-07-01,106.14857482910156
2025-07-02,106.12916564941406
2025-07-03,105.87673950195312
2025-07-07,105.24573516845703
2025-07-08,104.94477081298828
2025-07-09,105.54666900634766
2025-07-10,105.56608581542969
2025-07-11,104.92535400390625
2025-07-14,104.89623260498047
2025-07-15,104.51762390136719
2025-07-16,104.68264770507812
2025-07-17,104.93505096435547
2025-07-18,105.12921905517578
2025-07-21,105.53695678710938
2025-07-22,105.78937530517578
2025-07-23,105.62435150146484
2025-07-24,105.46900177001953
2025-07-25,105.80877685546875
2025-07-28,105.59520721435547
2025-07-29,106.294189453125
2025-07-30,105.89616394042969
2025-07-31,105.92529296875
2025-08-01,106.86495971679688
2025-08-04,107.05017852783203
2025-08-05,107.12815856933594
2025-08-06,107.09893035888672
2025-08-07,106.99170684814453
2025-08-08,106.65052032470703
2025-08-11,106.81623077392578
2025-08-12,106.91371154785156
2025-08-13,107.47908782958984
2025-08-14,107.1086654663086
2025-08-15,106.9721908569336
2025-08-18,106.77725219726562
2025-08-19,106.94294738769531
2025-08-20,106.99170684814453
2025-08-21,106.58228302001953
2025-08-22,107.42059326171875
2025-08-25,107.1379165649414
2025-08-26,107.21589660644531
2025-08-27,107.2548828125
2025-08-28,107.42059326171875
2025-08-29,107.03069305419922
2025-09-02,106.67266845703125
2025-09-03,107.3084945678711
2025-09-04,108.0421371459961
2025-09-05,108.74644470214844
2025-09-08,109.12794494628906
2025-09-09,108.93231201171875
2025-09-10,109.25511169433594
2025-09-11,109.76377868652344
2025-09-12,109.56813049316406
2025-09-15,109.91050720214844
2025-09-16,109.81267547607422
2025-09-17,109.61703491210938
2025-09-18,109.3920669555664
2025-09-19,109.30401611328125
2025-09-22,109.05946350097656
2025-09-23,109.2746810913086
2025-09-24,108.83448791503906
2025-09-25,108.63884735107422
2025-09-26,108.78557586669922
2025-09-29,109.14751434326172
2025-09-30,109.03990936279297
2025-10-01,109.47777557373047
2025-10-02,109.65449523925781
2025-10-03,109.51705932617188
2025-10-06,109.16360473632812
2025-10-07,109.36978912353516
2025-10-08,109.23233795166016
2025-10-09,109.01634216308594
2025-10-10,109.32068634033203
2025-10-13,109.69377136230469
2025-10-14,110.05702209472656
2025-10-15,110.05702209472656
2025-10-16,110.3711929321289
2025-10-17,110.15520477294922
2025-10-20,110.489013671875
2025-10-21,110.50863647460938
2025-10-22,110.61663055419922
2025-10-23,110.47919464111328
2025-10-24,110.66572570800781
2025-10-27,110.8522720336914
2025-10-28,110.86209106445312
2025-10-29,110.2337417602539
2025-10-30,109.6446762084961
2025-10-31,109.20288848876953
2025-11-03,108.90924072265625
2025-11-04,109.05705261230469
2025-11-05,108.73188781738281
2025-11-06,109.30339050292969
2025-11-07,109.08660125732422
2025-11-10,109.1457290649414
2025-11-11,109.57927703857422
2025-11-12,109.47089385986328
2025-11-13,108.92896270751953
2025-11-14,108.63335418701172
2025-11-17,108.70233154296875
2025-11-18,108.75160217285156
2025-11-19,108.76144409179688
2025-11-20,108.90924072265625
2025-11-21,109.29353332519531
2025-11-24,109.72708129882812
2025-11-25,110.03253936767578
2025-11-26,110.4069595336914
2025-11-28,110.2197494506836
2025-12-01,109.62932586669922
2025-12-02,109.69854736328125
2025-12-03,109.94579315185547
2025-12-04,109.74800109863281
2025-12-05,109.63921356201172
2025-12-08,109.41173553466797
2025-12-09,109.27328491210938
2025-12-10,109.77767181396484
2025-12-11,109.61942291259766
2025-12-12,108.95680236816406
2025-12-15,109.08538055419922
2025-12-16,109.33262634277344
2025-12-17,109.21395111083984
2025-12-18,109.62932586669922
2025-12-19,109.34733581542969
2025-12-22,109.32747650146484
2025-12-23,109.43669891357422
2025-12-24,109.86363983154297
2025-12-26,109.85371398925781
2025-12-29,110.00265502929688
2025-12-30,109.87357330322266
2025-12-31,109.40691375732422
2026-01-02,109.37712860107422
2026-01-05,109.68492126464844
2026-01-06,109.68492126464844
2026-01-07,109.76435852050781
2026-01-08,109.45655822753906
2026-01-09,109.85371398925781
2026-01-12,109.72463989257812
2026-01-13,109.96293640136719
2026-01-14,110.2409439086914
2026-01-15,110.10193634033203
2026-01-16,109.78421020507812
2026-01-20,109.11897277832031
2026-01-21,109.77428436279297
2026-01-22,109.9827880859375
2026-01-23,110.05228424072266
2026-01-26,110.14165496826172
2026-01-27,110.02250671386719
2026-01-28,109.86363983154297
2026-01-29,109.8934326171875
2026-01-30,109.78421020507812
2026-02-02,109.68255615234375
2026-02-03,109.73239135742188
2026-02-04,109.59286499023438
2026-02-05,110.12104797363281
2026-02-06,110.18083953857422
2026-02-09,110.18083953857422
2026-02-10,110.43994903564453
2026-02-11,110.32035827636719
2026-02-12,110.83858489990234
2026-02-13,111.20730590820312
2026-02-17,111.31693267822266
2026-02-18,111.20730590820312
2026-02-19,111.29700469970703
2026-02-20,111.20730590820312
2026-02-23,111.32689666748047
2026-02-24,111.29700469970703
2026-02-25,111.26710510253906
2026-02-26,111.33686828613281
2026-02-27,111.29700469970703
2026-03-02,110.91999816894531
2026-03-03,110.87000274658203
2026-03-04,110.97000122070312
2026-03-05,110.52999877929688
2026-03-06,110.16000366210938
2026-03-09,110.81999969482422
2026-03-10,110.05999755859375
2026-03-11,109.16000366210938
2026-03-12,108.56999969482422
2026-03-13,108.16999816894531
2026-03-16,108.69000244140625
2026-03-17,109.30000305175781
2026-03-18,108.70999908447266
2026-03-19,109.19000244140625
2026-03-20,107.8499984741211
