date,DPSACBW027SBOG
1973-01-03,613.674
1973-01-10,596.582
1973-01-17,597.567
1973-01-24,589.744
1973-01-31,596.4237
1973-02-07,589.6323
1973-02-14,598.0715
1973-02-21,602.8889
1973-02-28,605.0901
1973-03-07,601.0552
1973-03-14,603.565
1973-03-21,600.7131
1973-03-28,602.827
1973-04-04,611.8441
1973-04-11,609.5075
1973-04-18,613.5123
1973-04-25,610.2352
1973-05-02,618.5577
1973-05-09,609.6577
1973-05-16,618.2803
1973-05-23,609.5717
1973-05-30,618.2061
1973-06-06,618.4702
1973-06-13,620.4688
1973-06-20,624.7969
1973-06-27,621.1174
1973-07-04,639.5762
1973-07-11,628.18
1973-07-18,628.7554
1973-07-25,625.4915
1973-08-01,637.2462
1973-08-08,628.0646
1973-08-15,637.728
1973-08-22,625.7115
1973-08-29,624.4741
1973-09-05,640.1014
1973-09-12,639.8646
1973-09-19,636.7047
1973-09-26,635.6065
1973-10-03,643.4137
1973-10-10,648.4812
1973-10-17,643.5954
1973-10-24,647.9977
1973-10-31,652.1992
1973-11-07,656.2916
1973-11-14,651.3275
1973-11-21,643.6987
1973-11-28,644.5062
1973-12-05,651.7244
1973-12-12,658.2506
1973-12-19,663.031
1973-12-26,660.0372
1974-01-02,689.3648
1974-01-09,666.9471
1974-01-16,669.5766
1974-01-23,656.9467
1974-01-30,658.589
1974-02-06,659.8819
1974-02-13,666.9213
1974-02-20,667.8986
1974-02-27,658.7378
1974-03-06,665.6631
1974-03-13,663.6496
1974-03-20,666.6847
1974-03-27,667.5668
1974-04-03,680.3197
1974-04-10,682.5193
1974-04-17,691.3169
1974-04-24,676.3064
1974-05-01,691.1074
1974-05-08,681.7
1974-05-15,691.6687
1974-05-22,681.9791
1974-05-29,690.0212
1974-06-05,691.4011
1974-06-12,691.4014
1974-06-19,696.6982
1974-06-26,695.9736
1974-07-03,708.6569
1974-07-10,699.3452
1974-07-17,699.8275
1974-07-24,692.8034
1974-07-31,703.2174
1974-08-07,697.0845
1974-08-14,697.6658
1974-08-21,693.0215
1974-08-28,694.9699
1974-09-04,712.4026
1974-09-11,705.0534
1974-09-18,703.1354
1974-09-25,699.5223
1974-10-02,709.554
1974-10-09,703.0902
1974-10-16,723.9379
1974-10-23,704.4454
1974-10-30,707.4228
1974-11-06,718.9553
1974-11-13,717.9984
1974-11-20,708.864
1974-11-27,718.0412
1974-12-04,721.0786
1974-12-11,721.4542
1974-12-18,729.308
1974-12-25,730.1555
1975-01-01,753.5499
1975-01-08,728.5152
1975-01-15,727.211
1975-01-22,712.456
1975-01-29,706.2484
1975-02-05,717.1175
1975-02-12,711.6505
1975-02-19,720.1816
1975-02-26,708.6568
1975-03-05,724.7185
1975-03-12,722.347
1975-03-19,719.8013
1975-03-26,718.1165
1975-04-02,731.2359
1975-04-09,730.7828
1975-04-16,738.6779
1975-04-23,725.1053
1975-04-30,733.3154
1975-05-07,726.3097
1975-05-14,729.7402
1975-05-21,725.399
1975-05-28,733.7044
1975-06-04,741.4717
1975-06-11,741.5639
1975-06-18,746.4154
1975-06-25,735.68
1975-07-02,749.5789
1975-07-09,744.8001
1975-07-16,744.1027
1975-07-23,733.0216
1975-07-30,733.6645
1975-08-06,739.5192
1975-08-13,735.0904
1975-08-20,733.5203
1975-08-27,732.551
1975-09-03,750.4091
1975-09-10,742.693
1975-09-17,744.5503
1975-09-24,733.111
1975-10-01,751.802
1975-10-08,747.5067
1975-10-15,764.6091
1975-10-22,744.5445
1975-10-29,742.5657
1975-11-05,760.722
1975-11-12,765.5467
1975-11-19,745.6263
1975-11-26,756.8532
1975-12-03,759.3452
1975-12-10,756.9431
1975-12-17,766.5389
1975-12-24,763.1448
1975-12-31,789.0402
1976-01-07,772.5482
1976-01-14,765.5741
1976-01-21,758.456
1976-01-28,749.5301
1976-02-04,762.2192
1976-02-11,756.3592
1976-02-18,773.9918
1976-02-25,749.7338
1976-03-03,764.7208
1976-03-10,763.2884
1976-03-17,767.959
1976-03-24,759.8254
1976-03-31,775.8387
1976-04-07,774.7969
1976-04-14,779.05
1976-04-21,772.7426
1976-04-28,763.9317
1976-05-05,773.6414
1976-05-12,768.3078
1976-05-19,765.4677
1976-05-26,765.2235
1976-06-02,785.6915
1976-06-09,772.8218
1976-06-16,792.96
1976-06-23,778.2602
1976-06-30,799.0553
1976-07-07,800.4915
1976-07-14,788.8458
1976-07-21,784.2212
1976-07-28,775.6453
1976-08-04,787.4198
1976-08-11,779.8966
1976-08-18,779.1698
1976-08-25,773.6296
1976-09-01,786.6615
1976-09-08,792.5224
1976-09-15,800.2506
1976-09-22,783.5248
1976-09-29,788.6837
1976-10-06,801.8938
1976-10-13,806.4437
1976-10-20,796.9101
1976-10-27,791.6714
1976-11-03,810.8653
1976-11-10,797.6116
1976-11-17,802.3603
1976-11-24,802.8079
1976-12-01,818.9741
1976-12-08,809.3546
1976-12-15,834.6771
1976-12-22,829.0268
1976-12-29,827.2896
1977-01-05,840.364
1977-01-12,827.7429
1977-01-19,821.9244
1977-01-26,808.8364
1977-02-02,818.116
1977-02-09,808.1173
1977-02-16,815.4877
1977-02-23,818.4261
1977-03-02,824.8473
1977-03-09,817.6071
1977-03-16,836.1461
1977-03-23,821.4569
1977-03-30,829.8814
1977-04-06,845.3862
1977-04-13,844.6575
1977-04-20,842.5966
1977-04-27,833.9397
1977-05-04,843.0648
1977-05-11,833.2394
1977-05-18,841.1756
1977-05-25,834.1654
1977-06-01,862.6131
1977-06-08,847.5767
1977-06-15,872.9558
1977-06-22,849.2834
1977-06-29,852.469
1977-07-06,878.5322
1977-07-13,862.541
1977-07-20,863.8822
1977-07-27,856.0727
1977-08-03,868.0766
1977-08-10,857.6688
1977-08-17,861.3872
1977-08-24,851.2508
1977-08-31,870.6822
1977-09-07,876.869
1977-09-14,875.9572
1977-09-21,867.2151
1977-09-28,868.4126
1977-10-05,889.8486
1977-10-12,891.4039
1977-10-19,878.679
1977-10-26,871.725
1977-11-02,884.0707
1977-11-09,892.9847
1977-11-16,897.508
1977-11-23,883.087
1977-11-30,895.9138
1977-12-07,893.0627
1977-12-14,905.4845
1977-12-21,913.6859
1977-12-28,920.7391
1978-01-04,935.3243
1978-01-11,909.4566
1978-01-18,909.137
1978-01-25,893.2275
1978-02-01,906.207
1978-02-08,902.0076
1978-02-15,909.95
1978-02-22,911.9351
1978-03-01,918.965
1978-03-08,907.5605
1978-03-15,928.3153
1978-03-22,914.4511
1978-03-29,915.2289
1978-04-05,944.9586
1978-04-12,935.3385
1978-04-19,941.2651
1978-04-26,929.4823
1978-05-03,938.8622
1978-05-10,930.4581
1978-05-17,934.473
1978-05-24,926.1455
1978-05-31,965.7386
1978-06-07,946.8891
1978-06-14,954.997
1978-06-21,953.6549
1978-06-28,949.6545
1978-07-05,987.7458
1978-07-12,961.2287
1978-07-19,957.4325
1978-07-26,947.6683
1978-08-02,959.9208
1978-08-09,950.5985
1978-08-16,962.5205
1978-08-23,947.219
1978-08-30,953.3963
1978-09-06,982.1028
1978-09-13,972.6321
1978-09-20,974.0637
1978-09-27,969.6848
1978-10-04,987.1839
1978-10-11,985.7044
1978-10-18,977.0205
1978-10-25,971.5061
1978-11-01,987.4189
1978-11-08,995.3275
1978-11-15,996.7886
1978-11-22,985.0126
1978-11-29,979.4295
1978-12-06,994.721
1978-12-13,997.2028
1978-12-20,1008.6334
1978-12-27,1016.3311
1979-01-03,999.8746
1979-01-10,1001.2143
1979-01-17,999.916
1979-01-24,999.7379
1979-01-31,1000.3256
1979-02-07,995.695
1979-02-14,991.4223
1979-02-21,1003.6789
1979-02-28,1007.9723
1979-03-07,992.7777
1979-03-14,1000.548
1979-03-21,1000.713
1979-03-28,1003.9603
1979-04-04,1008.5024
1979-04-11,1010.9187
1979-04-18,1005.5877
1979-04-25,1010.7947
1979-05-02,1008.8125
1979-05-09,1005.2121
1979-05-16,1012.2792
1979-05-23,1006.821
1979-05-30,1010.5297
1979-06-06,1004.998
1979-06-13,1016.6931
1979-06-20,1022.8567
1979-06-27,1026.6883
1979-07-04,1030.8942
1979-07-11,1035.2839
1979-07-18,1027.1688
1979-07-25,1040.383
1979-08-01,1035.4635
1979-08-08,1025.2975
1979-08-15,1032.0865
1979-08-22,1030.4877
1979-08-29,1029.9786
1979-09-05,1050.4869
1979-09-12,1048.8594
1979-09-19,1062.5001
1979-09-26,1056.3693
1979-10-03,1066.4205
1979-10-10,1071.6904
1979-10-17,1056.0403
1979-10-24,1065.1005
1979-10-31,1065.9148
1979-11-07,1061.8695
1979-11-14,1077.9323
1979-11-21,1074.9352
1979-11-28,1063.1317
1979-12-05,1075.5074
1979-12-12,1078.095
1979-12-19,1070.1696
1979-12-26,1065.9019
1980-01-02,1075.2589
1980-01-09,1074.9295
1980-01-16,1079.7028
1980-01-23,1081.405
1980-01-30,1071.5667
1980-02-06,1085.9912
1980-02-13,1087.4071
1980-02-20,1091.1407
1980-02-27,1080.465
1980-03-05,1091.7061
1980-03-12,1093.3168
1980-03-19,1097.5707
1980-03-26,1090.8305
1980-04-02,1095.2733
1980-04-09,1097.4183
1980-04-16,1093.858
1980-04-23,1099.2939
1980-04-30,1106.1384
1980-05-07,1097.2281
1980-05-14,1101.5861
1980-05-21,1100.9348
1980-05-28,1102.5674
1980-06-04,1098.9269
1980-06-11,1105.6385
1980-06-18,1103.4044
1980-06-25,1108.1412
1980-07-02,1105.1685
1980-07-09,1113.1612
1980-07-16,1118.6479
1980-07-23,1119.1764
1980-07-30,1105.641
1980-08-06,1114.6507
1980-08-13,1113.6739
1980-08-20,1126.0053
1980-08-27,1122.5468
1980-09-03,1136.5192
1980-09-10,1128.1322
1980-09-17,1138.969
1980-09-24,1137.621
1980-10-01,1146.3042
1980-10-08,1140.258
1980-10-15,1164.6178
1980-10-22,1154.3134
1980-10-29,1150.8327
1980-11-05,1173.1302
1980-11-12,1189.211
1980-11-19,1167.5396
1980-11-26,1184.813
1980-12-03,1177.3492
1980-12-10,1181.616
1980-12-17,1175.2484
1980-12-24,1192.2334
1980-12-31,1194.5712
1981-01-07,1192.2306
1981-01-14,1195.7372
1981-01-21,1192.8102
1981-01-28,1193.8786
1981-02-04,1200.4903
1981-02-11,1200.6497
1981-02-18,1205.7286
1981-02-25,1198.3923
1981-03-04,1208.5136
1981-03-11,1210.9482
1981-03-18,1211.3477
1981-03-25,1211.0125
1981-04-01,1223.711
1981-04-08,1214.3567
1981-04-15,1234.1805
1981-04-22,1226.5328
1981-04-29,1221.5249
1981-05-06,1227.5705
1981-05-13,1231.9931
1981-05-20,1231.8114
1981-05-27,1245.8515
1981-06-03,1234.5723
1981-06-10,1252.268
1981-06-17,1244.5072
1981-06-24,1256.4356
1981-07-01,1251.7318
1981-07-08,1242.9782
1981-07-15,1261.4488
1981-07-22,1249.4055
1981-07-29,1233.0575
1981-08-05,1264.559
1981-08-12,1260.3399
1981-08-19,1257.8953
1981-08-26,1264.9986
1981-09-02,1254.3702
1981-09-09,1266.3454
1981-09-16,1276.605
1981-09-23,1268.135
1981-09-30,1289.7147
1981-10-07,1223.7982
1981-10-14,1233.6807
1981-10-21,1226.5057
1981-10-28,1229.8253
1981-11-04,1237.3556
1981-11-11,1235.5422
1981-11-18,1237.7704
1981-11-25,1253.9617
1981-12-02,1251.4882
1981-12-09,1244.5259
1981-12-16,1247.8975
1981-12-23,1259.2354
1981-12-30,1239.541
1982-01-06,1253.5569
1982-01-13,1253.5954
1982-01-20,1255.0906
1982-01-27,1258.9019
1982-02-03,1260.7549
1982-02-10,1254.5546
1982-02-17,1265.4717
1982-02-24,1255.7402
1982-03-03,1267.517
1982-03-10,1263.7278
1982-03-17,1266.7527
1982-03-24,1271.915
1982-03-31,1278.866
1982-04-07,1280.0474
1982-04-14,1277.8534
1982-04-21,1276.2228
1982-04-28,1273.8067
1982-05-05,1284.261
1982-05-12,1287.9997
1982-05-19,1285.4624
1982-05-26,1290.5588
1982-06-02,1301.2771
1982-06-09,1292.9271
1982-06-16,1290.546
1982-06-23,1293.4307
1982-06-30,1302.8517
1982-07-07,1306.7435
1982-07-14,1302.3747
1982-07-21,1304.9689
1982-07-28,1313.6944
1982-08-04,1317.9072
1982-08-11,1315.4791
1982-08-18,1312.7209
1982-08-25,1327.5811
1982-09-01,1336.3003
1982-09-08,1332.6601
1982-09-15,1343.2133
1982-09-22,1333.1308
1982-09-29,1321.893
1982-10-06,1334.8025
1982-10-13,1343.9141
1982-10-20,1342.7393
1982-10-27,1349.829
1982-11-03,1359.7451
1982-11-10,1338.7853
1982-11-17,1341.4476
1982-11-24,1357.1148
1982-12-01,1358.8214
1982-12-08,1357.9811
1982-12-15,1370.869
1982-12-22,1372.8874
1982-12-29,1359.276
1983-01-05,1372.4573
1983-01-12,1382.524
1983-01-19,1376.6457
1983-01-26,1392.2491
1983-02-02,1392.7285
1983-02-09,1389.7119
1983-02-16,1380.9984
1983-02-23,1404.2564
1983-03-02,1414.4653
1983-03-09,1397.4926
1983-03-16,1408.5886
1983-03-23,1407.8092
1983-03-30,1406.8663
1983-04-06,1412.8081
1983-04-13,1409.9705
1983-04-20,1412.1999
1983-04-27,1414.5715
1983-05-04,1419.4602
1983-05-11,1424.6855
1983-05-18,1418.1324
1983-05-25,1421.1567
1983-06-01,1439.7075
1983-06-08,1424.9425
1983-06-15,1437.7178
1983-06-22,1430.7975
1983-06-29,1424.1531
1983-07-06,1444.3855
1983-07-13,1435.1971
1983-07-20,1435.0473
1983-07-27,1447.3588
1983-08-03,1440.7102
1983-08-10,1440.5208
1983-08-17,1437.6558
1983-08-24,1446.434
1983-08-31,1442.4299
1983-09-07,1449.2088
1983-09-14,1447.2257
1983-09-21,1453.366
1983-09-28,1442.3359
1983-10-05,1460.6712
1983-10-12,1468.1842
1983-10-19,1452.0973
1983-10-26,1469.896
1983-11-02,1459.7977
1983-11-09,1464.2048
1983-11-16,1471.0233
1983-11-23,1477.4027
1983-11-30,1474.1016
1983-12-07,1476.6827
1983-12-14,1475.7741
1983-12-21,1478.0128
1983-12-28,1478.5251
1984-01-04,1496.6082
1984-01-11,1495.4333
1984-01-18,1476.1257
1984-01-25,1488.9335
1984-02-01,1492.4017
1984-02-08,1485.3301
1984-02-15,1491.1134
1984-02-22,1491.2078
1984-02-29,1500.5409
1984-03-07,1495.4311
1984-03-14,1509.2893
1984-03-21,1503.7681
1984-03-28,1506.6139
1984-04-04,1516.2472
1984-04-11,1518.0133
1984-04-18,1511.6862
1984-04-25,1522.8191
1984-05-02,1522.07
1984-05-09,1530.6868
1984-05-16,1541.9836
1984-05-23,1543.6477
1984-05-30,1531.3089
1984-06-06,1546.5811
1984-06-13,1540.5262
1984-06-20,1550.2948
1984-06-27,1545.252
1984-07-04,1561.6486
1984-07-11,1558.2331
1984-07-18,1553.056
1984-07-25,1566.4666
1984-08-01,1564.2521
1984-08-08,1561.8491
1984-08-15,1572.2214
1984-08-22,1562.414
1984-08-29,1550.7714
1984-09-05,1572.234
1984-09-12,1569.2038
1984-09-19,1573.1158
1984-09-26,1572.1225
1984-10-03,1577.4956
1984-10-10,1589.9253
1984-10-17,1563.0429
1984-10-24,1590.1235
1984-10-31,1583.9074
1984-11-07,1589.6888
1984-11-14,1598.2423
1984-11-21,1596.7702
1984-11-28,1580.8372
1984-12-05,1608.1402
1984-12-12,1609.5803
1984-12-19,1607.3965
1984-12-26,1619.1068
1985-01-02,1618.4305
1985-01-09,1610.0913
1985-01-16,1618.4778
1985-01-23,1622.5393
1985-01-30,1614.6794
1985-02-06,1623.6434
1985-02-13,1627.6153
1985-02-20,1636.4484
1985-02-27,1638.4305
1985-03-06,1637.4201
1985-03-13,1639.7739
1985-03-20,1645.9736
1985-03-27,1648.9986
1985-04-03,1660.6961
1985-04-10,1662.3265
1985-04-17,1653.0095
1985-04-24,1663.2685
1985-05-01,1676.5251
1985-05-08,1669.5924
1985-05-15,1687.767
1985-05-22,1673.7149
1985-05-29,1671.411
1985-06-05,1679.1969
1985-06-12,1688.9593
1985-06-19,1687.6235
1985-06-26,1692.9674
1985-07-03,1688.1033
1985-07-10,1692.1
1985-07-17,1687.6993
1985-07-24,1703.9733
1985-07-31,1700.4497
1985-08-07,1704.2558
1985-08-14,1701.3778
1985-08-21,1709.029
1985-08-28,1705.993
1985-09-04,1727.3475
1985-09-11,1711.7379
1985-09-18,1723.2206
1985-09-25,1718.8734
1985-10-02,1735.6012
1985-10-09,1720.6713
1985-10-16,1739.2092
1985-10-23,1733.8578
1985-10-30,1730.3074
1985-11-06,1732.2444
1985-11-13,1743.9323
1985-11-20,1737.7285
1985-11-27,1755.956
1985-12-04,1755.2237
1985-12-11,1761.5635
1985-12-18,1754.116
1985-12-25,1765.7112
1986-01-01,1768.7374
1986-01-08,1763.3641
1986-01-15,1765.9205
1986-01-22,1768.104
1986-01-29,1752.8872
1986-02-05,1772.0702
1986-02-12,1761.0018
1986-02-19,1776.2797
1986-02-26,1763.2375
1986-03-05,1780.828
1986-03-12,1777.9943
1986-03-19,1779.3763
1986-03-26,1788.8671
1986-04-02,1791.3252
1986-04-09,1789.3589
1986-04-16,1791.6705
1986-04-23,1798.5669
1986-04-30,1805.9295
1986-05-07,1798.1185
1986-05-14,1804.8504
1986-05-21,1801.5356
1986-05-28,1815.1024
1986-06-04,1806.7921
1986-06-11,1814.0825
1986-06-18,1807.0688
1986-06-25,1827.1089
1986-07-02,1827.0261
1986-07-09,1832.0799
1986-07-16,1839.8154
1986-07-23,1838.6803
1986-07-30,1833.0475
1986-08-06,1844.1639
1986-08-13,1843.1312
1986-08-20,1855.8192
1986-08-27,1865.4605
1986-09-03,1869.4228
1986-09-10,1852.3893
1986-09-17,1866.5422
1986-09-24,1863.3188
1986-10-01,1885.4281
1986-10-08,1863.0739
1986-10-15,1890.0685
1986-10-22,1869.3349
1986-10-29,1867.2255
1986-11-05,1880.7419
1986-11-12,1902.7032
1986-11-19,1876.4318
1986-11-26,1908.322
1986-12-03,1900.3455
1986-12-10,1912.1753
1986-12-17,1906.3403
1986-12-24,1937.8896
1986-12-31,1951.5233
1987-01-07,1925.005
1987-01-14,1908.3464
1987-01-21,1921.1903
1987-01-28,1923.6627
1987-02-04,1919.9443
1987-02-11,1913.0381
1987-02-18,1924.666
1987-02-25,1918.5558
1987-03-04,1930.1153
1987-03-11,1930.1009
1987-03-18,1928.4161
1987-03-25,1935.4008
1987-04-01,1954.0717
1987-04-08,1932.3666
1987-04-15,1969.5863
1987-04-22,1945.783
1987-04-29,1937.8632
1987-05-06,1939.1549
1987-05-13,1941.9001
1987-05-20,1953.4896
1987-05-27,1965.2976
1987-06-03,1940.7868
1987-06-10,1954.7663
1987-06-17,1942.8791
1987-06-24,1965.89
1987-07-01,1969.9333
1987-07-08,1943.8868
1987-07-15,1971.1813
1987-07-22,1954.1853
1987-07-29,1948.6249
1987-08-05,1964.2227
1987-08-12,1964.863
1987-08-19,1959.7751
1987-08-26,1966.9209
1987-09-02,1952.0735
1987-09-09,1963.383
1987-09-16,1971.3408
1987-09-23,1965.6842
1987-09-30,1975.3213
1987-10-07,1961.9353
1987-10-14,1977.0205
1987-10-21,1983.0933
1987-10-28,1996.7473
1987-11-04,1992.1795
1987-11-11,1985.1671
1987-11-18,1977.6586
1987-11-25,1988.9917
1987-12-02,1979.2341
1987-12-09,1985.2124
1987-12-16,1993.5511
1987-12-23,1998.3054
1987-12-30,1965.3181
1988-01-06,1996.5548
1988-01-13,1994.401
1988-01-20,2006.5017
1988-01-27,2002.1485
1988-02-03,2004.4472
1988-02-10,2006.5744
1988-02-17,2017.7806
1988-02-24,1994.931
1988-03-02,2011.3904
1988-03-09,2006.1469
1988-03-16,2025.1245
1988-03-23,2025.2691
1988-03-30,2008.3423
1988-04-06,2024.7971
1988-04-13,2015.8446
1988-04-20,2029.1951
1988-04-27,2034.1173
1988-05-04,2043.619
1988-05-11,2045.3798
1988-05-18,2040.2706
1988-05-25,2043.0541
1988-06-01,2068.4206
1988-06-08,2050.3758
1988-06-15,2080.5809
1988-06-22,2064.1253
1988-06-29,2042.2932
1988-07-06,2076.9314
1988-07-13,2061.5559
1988-07-20,2069.6332
1988-07-27,2077.1026
1988-08-03,2073.9188
1988-08-10,2075.4066
1988-08-17,2071.6285
1988-08-24,2083.7169
1988-08-31,2070.61
1988-09-07,2082.6213
1988-09-14,2081.9449
1988-09-21,2083.8693
1988-09-28,2070.3005
1988-10-05,2092.1271
1988-10-12,2097.3926
1988-10-19,2085.3274
1988-10-26,2099.3363
1988-11-02,2103.2947
1988-11-09,2091.627
1988-11-16,2111.5105
1988-11-23,2113.5106
1988-11-30,2110.9348
1988-12-07,2117.9525
1988-12-14,2117.2519
1988-12-21,2112.4719
1988-12-28,2108.4874
1989-01-04,2130.3104
1989-01-11,2127.9831
1989-01-18,2121.6903
1989-01-25,2123.1565
1989-02-01,2139.4669
1989-02-08,2123.0302
1989-02-15,2132.3429
1989-02-22,2131.8273
1989-03-01,2164.9869
1989-03-08,2131.2957
1989-03-15,2167.5795
1989-03-22,2144.6222
1989-03-29,2137.7875
1989-04-05,2157.7676
1989-04-12,2149.7818
1989-04-19,2149.6364
1989-04-26,2161.1342
1989-05-03,2152.334
1989-05-10,2154.5545
1989-05-17,2153.6517
1989-05-24,2158.9505
1989-05-31,2164.0464
1989-06-07,2158.2082
1989-06-14,2151.7515
1989-06-21,2161.1548
1989-06-28,2151.9656
1989-07-05,2184.8055
1989-07-12,2177.8307
1989-07-19,2173.8063
1989-07-26,2186.5289
1989-08-02,2185.8005
1989-08-09,2185.8374
1989-08-16,2188.9814
1989-08-23,2190.9734
1989-08-30,2176.8608
1989-09-06,2199.8407
1989-09-13,2189.8069
1989-09-20,2203.9757
1989-09-27,2199.2379
1989-10-04,2211.1912
1989-10-11,2215.6595
1989-10-18,2214.4577
1989-10-25,2229.3032
1989-11-01,2244.8912
1989-11-08,2221.4708
1989-11-15,2242.5722
1989-11-22,2237.3219
1989-11-29,2213.8811
1989-12-06,2234.682
1989-12-13,2233.8224
1989-12-20,2246.2204
1989-12-27,2243.7806
1990-01-03,2252.8858
1990-01-10,2256.574
1990-01-17,2265.0945
1990-01-24,2247.5468
1990-01-31,2254.847
1990-02-07,2254.7508
1990-02-14,2248.2622
1990-02-21,2264.5913
1990-02-28,2265.8008
1990-03-07,2255.2067
1990-03-14,2265.7365
1990-03-21,2261.695
1990-03-28,2268.9729
1990-04-04,2274.2071
1990-04-11,2276.0108
1990-04-18,2266.1275
1990-04-25,2278.8906
1990-05-02,2274.5997
1990-05-09,2274.958
1990-05-16,2283.4696
1990-05-23,2288.8211
1990-05-30,2275.9486
1990-06-06,2287.7744
1990-06-13,2287.1705
1990-06-20,2297.8649
1990-06-27,2304.4997
1990-07-04,2312.8614
1990-07-11,2306.2009
1990-07-18,2306.5492
1990-07-25,2317.6295
1990-08-01,2326.5144
1990-08-08,2309.5655
1990-08-15,2338.527
1990-08-22,2318.5459
1990-08-29,2303.1573
1990-09-05,2329.4015
1990-09-12,2309.9116
1990-09-19,2319.7279
1990-09-26,2323.062
1990-10-03,2326.3348
1990-10-10,2331.4224
1990-10-17,2306.3747
1990-10-24,2325.5595
1990-10-31,2323.9887
1990-11-07,2314.9439
1990-11-14,2333.8534
1990-11-21,2329.9018
1990-11-28,2310.0017
1990-12-05,2333.6544
1990-12-12,2334.2799
1990-12-19,2330.0279
1990-12-26,2343.2254
1991-01-02,2357.3233
1991-01-09,2349.121
1991-01-16,2337.8166
1991-01-23,2371.236
1991-01-30,2353.0544
1991-02-06,2373.7712
1991-02-13,2371.2352
1991-02-20,2387.9868
1991-02-27,2378.9575
1991-03-06,2384.5681
1991-03-13,2396.8068
1991-03-20,2394.9085
1991-03-27,2411.4724
1991-04-03,2396.0252
1991-04-10,2405.1669
1991-04-17,2397.5877
1991-04-24,2409.647
1991-05-01,2430.9685
1991-05-08,2409.5838
1991-05-15,2436.7524
1991-05-22,2420.135
1991-05-29,2410.4243
1991-06-05,2422.5733
1991-06-12,2430.921
1991-06-19,2419.6324
1991-06-26,2445.7031
1991-07-03,2422.0658
1991-07-10,2430.0712
1991-07-17,2428.4471
1991-07-24,2446.9017
1991-07-31,2446.3912
1991-08-07,2446.1952
1991-08-14,2444.9894
1991-08-21,2454.5056
1991-08-28,2452.1903
1991-09-04,2462.9022
1991-09-11,2435.371
1991-09-18,2451.9404
1991-09-25,2462.5211
1991-10-02,2464.3297
1991-10-09,2437.4704
1991-10-16,2465.2034
1991-10-23,2458.175
1991-10-30,2448.6503
1991-11-06,2454.3325
1991-11-13,2474.2393
1991-11-20,2460.1562
1991-11-27,2484.1201
1991-12-04,2467.1962
1991-12-11,2473.6201
1991-12-18,2453.4373
1991-12-25,2483.2599
1992-01-01,2452.0455
1992-01-08,2466.9217
1992-01-15,2482.4544
1992-01-22,2485.0001
1992-01-29,2479.4654
1992-02-05,2492.7426
1992-02-12,2484.6989
1992-02-19,2484.7378
1992-02-26,2476.675
1992-03-04,2495.4725
1992-03-11,2496.4083
1992-03-18,2485.1546
1992-03-25,2503.1085
1992-04-01,2516.2997
1992-04-08,2483.4539
1992-04-15,2522.149
1992-04-22,2485.3701
1992-04-29,2468.4726
1992-05-06,2481.6596
1992-05-13,2482.5851
1992-05-20,2487.7162
1992-05-27,2488.0149
1992-06-03,2469.1088
1992-06-10,2486.7964
1992-06-17,2471.4448
1992-06-24,2492.8055
1992-07-01,2498.3628
1992-07-08,2466.1402
1992-07-15,2499.8427
1992-07-22,2485.7419
1992-07-29,2466.565
1992-08-05,2485.9885
1992-08-12,2486.002
1992-08-19,2478.293
1992-08-26,2490.1157
1992-09-02,2478.1757
1992-09-09,2489.2169
1992-09-16,2499.9005
1992-09-23,2484.8516
1992-09-30,2490.9137
1992-10-07,2485.4229
1992-10-14,2506.8563
1992-10-21,2497.6502
1992-10-28,2497.5971
1992-11-04,2504.521
1992-11-11,2508.5898
1992-11-18,2477.3655
1992-11-25,2513.0449
1992-12-02,2496.4284
1992-12-09,2499.1962
1992-12-16,2497.3941
1992-12-23,2512.5768
1992-12-30,2481.8112
1993-01-06,2490.7592
1993-01-13,2491.0436
1993-01-20,2489.7747
1993-01-27,2489.0028
1993-02-03,2491.3351
1993-02-10,2496.1026
1993-02-17,2498.9287
1993-02-24,2479.8195
1993-03-03,2497.95
1993-03-10,2489.007
1993-03-17,2489.0282
1993-03-24,2503.8063
1993-03-31,2496.5944
1993-04-07,2499.3732
1993-04-14,2497.6556
1993-04-21,2484.7475
1993-04-28,2507.2532
1993-05-05,2520.0766
1993-05-12,2526.2756
1993-05-19,2509.5967
1993-05-26,2523.9241
1993-06-02,2528.257
1993-06-09,2532.9614
1993-06-16,2525.0042
1993-06-23,2529.1836
1993-06-30,2511.1524
1993-07-07,2535.7927
1993-07-14,2526.7998
1993-07-21,2513.0378
1993-07-28,2509.6262
1993-08-04,2518.9309
1993-08-11,2520.9892
1993-08-18,2503.8566
1993-08-25,2522.9831
1993-09-01,2534.3926
1993-09-08,2512.8169
1993-09-15,2563.5526
1993-09-22,2509.2204
1993-09-29,2512.1352
1993-10-06,2514.771
1993-10-13,2520.226
1993-10-20,2513.2624
1993-10-27,2522.1321
1993-11-03,2523.8991
1993-11-10,2520.0327
1993-11-17,2510.231
1993-11-24,2530.5775
1993-12-01,2549.9901
1993-12-08,2534.954
1993-12-15,2564.0763
1993-12-22,2531.0408
1993-12-29,2504.2667
1994-01-05,2522.0843
1994-01-12,2535.9625
1994-01-19,2535.5677
1994-01-26,2542.4104
1994-02-02,2529.8881
1994-02-09,2531.5564
1994-02-16,2523.6637
1994-02-23,2524.3157
1994-03-02,2531.7284
1994-03-09,2512.6736
1994-03-16,2524.9288
1994-03-23,2520.935
1994-03-30,2507.6112
1994-04-06,2512.2803
1994-04-13,2506.6752
1994-04-20,2499.4321
1994-04-27,2509.8069
1994-05-04,2513.776
1994-05-11,2524.0633
1994-05-18,2504.686
1994-05-25,2524.6606
1994-06-01,2534.8086
1994-06-08,2513.1531
1994-06-15,2539.0731
1994-06-22,2508.1787
1994-06-29,2494.6355
1994-07-06,2527.0791
1994-07-13,2522.2995
1994-07-20,2520.6643
1994-07-27,2527.8357
1994-08-03,2516.828
1994-08-10,2522.341
1994-08-17,2516.2887
1994-08-24,2532.656
1994-08-31,2519.0492
1994-09-07,2524.1752
1994-09-14,2523.7571
1994-09-21,2522.7276
1994-09-28,2519.9667
1994-10-05,2530.2703
1994-10-12,2535.5471
1994-10-19,2515.8963
1994-10-26,2534.9769
1994-11-02,2525.0357
1994-11-09,2516.9666
1994-11-16,2528.3388
1994-11-23,2539.6278
1994-11-30,2517.6314
1994-12-07,2532.7507
1994-12-14,2526.261
1994-12-21,2529.1734
1994-12-28,2534.4978
1995-01-04,2551.5547
1995-01-11,2537.5653
1995-01-18,2538.8583
1995-01-25,2544.4939
1995-02-01,2556.463
1995-02-08,2534.8822
1995-02-15,2544.9957
1995-02-22,2543.3961
1995-03-01,2565.1718
1995-03-08,2537.0004
1995-03-15,2570.7464
1995-03-22,2545.0872
1995-03-29,2536.3228
1995-04-05,2546.7069
1995-04-12,2548.7477
1995-04-19,2547.491
1995-04-26,2566.8163
1995-05-03,2559.5516
1995-05-10,2567.9645
1995-05-17,2563.4474
1995-05-24,2579.48
1995-05-31,2581.5103
1995-06-07,2592.4329
1995-06-14,2588.9869
1995-06-21,2592.955
1995-06-28,2579.607
1995-07-05,2611.4095
1995-07-12,2608.2863
1995-07-19,2605.5745
1995-07-26,2634.5916
1995-08-02,2623.116
1995-08-09,2622.7941
1995-08-16,2624.6365
1995-08-23,2632.5971
1995-08-30,2605.1873
1995-09-06,2637.3032
1995-09-13,2620.347
1995-09-20,2636.2819
1995-09-27,2633.2421
1995-10-04,2641.818
1995-10-11,2648.138
1995-10-18,2621.5357
1995-10-25,2649.1563
1995-11-01,2662.8769
1995-11-08,2630.6456
1995-11-15,2650.8681
1995-11-22,2643.043
1995-11-29,2608.059
1995-12-06,2644.2515
1995-12-13,2638.2647
1995-12-20,2650.8448
1995-12-27,2654.1146
1996-01-03,2684.4137
1996-01-10,2683.7708
1996-01-17,2687.2297
1996-01-24,2668.7331
1996-01-31,2684.1496
1996-02-07,2676.5992
1996-02-14,2672.8862
1996-02-21,2685.3826
1996-02-28,2669.8112
1996-03-06,2683.8581
1996-03-13,2692.1396
1996-03-20,2696.8027
1996-03-27,2694.639
1996-04-03,2704.1763
1996-04-10,2698.2604
1996-04-17,2695.6864
1996-04-24,2714.1404
1996-05-01,2714.8536
1996-05-08,2711.6699
1996-05-15,2734.7025
1996-05-22,2723.1485
1996-05-29,2706.4001
1996-06-05,2724.7321
1996-06-12,2718.8907
1996-06-19,2720.7048
1996-06-26,2731.4503
1996-07-03,2723.0164
1996-07-10,2732.0682
1996-07-17,2733.8306
1996-07-24,2744.9488
1996-07-31,2743.1766
1996-08-07,2739.075
1996-08-14,2743.4945
1996-08-21,2746.5398
1996-08-28,2742.3239
1996-09-04,2773.7143
1996-09-11,2742.2627
1996-09-18,2768.2801
1996-09-25,2770.0865
1996-10-02,2783.6744
1996-10-09,2769.8937
1996-10-16,2815.5195
1996-10-23,2808.3245
1996-10-30,2783.8183
1996-11-06,2793.1435
1996-11-13,2814.2415
1996-11-20,2789.7102
1996-11-27,2831.9448
1996-12-04,2824.9519
1996-12-11,2828.9627
1996-12-18,2810.509
1996-12-25,2852.0882
1997-01-01,2854.2628
1997-01-08,2842.9884
1997-01-15,2841.7377
1997-01-22,2854.9993
1997-01-29,2843.1273
1997-02-05,2864.0008
1997-02-12,2857.0465
1997-02-19,2876.8465
1997-02-26,2861.4089
1997-03-05,2892.8875
1997-03-12,2890.2444
1997-03-19,2883.6832
1997-03-26,2904.0785
1997-04-02,2895.7424
1997-04-09,2907.5553
1997-04-16,2917.9275
1997-04-23,2915.3251
1997-04-30,2927.5205
1997-05-07,2917.4622
1997-05-14,2920.2685
1997-05-21,2916.1066
1997-05-28,2937.4065
1997-06-04,2931.4087
1997-06-11,2947.4586
1997-06-18,2945.4267
1997-06-25,2980.748
1997-07-02,2967.824
1997-07-09,2976.816
1997-07-16,2984.7788
1997-07-23,2993.1541
1997-07-30,2980.2029
1997-08-06,3002.9578
1997-08-13,2995.3492
1997-08-20,3015.7497
1997-08-27,3015.4806
1997-09-03,3040.7242
1997-09-10,3003.0917
1997-09-17,3026.4902
1997-09-24,3018.6396
1997-10-01,3061.6979
1997-10-08,3027.0881
1997-10-15,3061.754
1997-10-22,3041.4928
1997-10-29,3042.0098
1997-11-05,3059.2233
1997-11-12,3090.5876
1997-11-19,3038.7233
1997-11-26,3087.7931
1997-12-03,3068.8684
1997-12-10,3079.8956
1997-12-17,3073.447
1997-12-24,3097.2981
1997-12-31,3074.4254
1998-01-07,3084.211
1998-01-14,3073.729
1998-01-21,3090.6437
1998-01-28,3080.1315
1998-02-04,3099.6741
1998-02-11,3107.9685
1998-02-18,3127.0477
1998-02-25,3118.114
1998-03-04,3146.0865
1998-03-11,3152.1906
1998-03-18,3150.4687
1998-03-25,3168.8137
1998-04-01,3197.983
1998-04-08,3160.8092
1998-04-15,3182.7905
1998-04-22,3152.199
1998-04-29,3136.1565
1998-05-06,3157.2057
1998-05-13,3169.2702
1998-05-20,3162.9332
1998-05-27,3182.622
1998-06-03,3170.7211
1998-06-10,3202.1568
1998-06-17,3183.8341
1998-06-24,3199.5201
1998-07-01,3209.4854
1998-07-08,3169.2134
1998-07-15,3198.5098
1998-07-22,3189.633
1998-07-29,3182.1747
1998-08-05,3217.4863
1998-08-12,3211.4759
1998-08-19,3208.8841
1998-08-26,3222.8754
1998-09-02,3227.532
1998-09-09,3237.4511
1998-09-16,3241.7274
1998-09-23,3228.6843
1998-09-30,3254.7726
1998-10-07,3240.0393
1998-10-14,3270.695
1998-10-21,3261.9953
1998-10-28,3268.6164
1998-11-04,3277.1221
1998-11-11,3283.9198
1998-11-18,3278.2433
1998-11-25,3312.2922
1998-12-02,3292.4215
1998-12-09,3294.8539
1998-12-16,3290.1898
1998-12-23,3304.5406
1998-12-30,3282.9424
1999-01-06,3313.4812
1999-01-13,3303.7761
1999-01-20,3317.303
1999-01-27,3305.4317
1999-02-03,3315.6173
1999-02-10,3309.6154
1999-02-17,3327.712
1999-02-24,3296.8134
1999-03-03,3334.1059
1999-03-10,3318.6
1999-03-17,3322.6604
1999-03-24,3319.4513
1999-03-31,3327.06
1999-04-07,3315.1031
1999-04-14,3339.4762
1999-04-21,3327.075
1999-04-28,3323.0574
1999-05-05,3338.2299
1999-05-12,3338.1017
1999-05-19,3331.982
1999-05-26,3339.147
1999-06-02,3347.9896
1999-06-09,3337.6909
1999-06-16,3337.4596
1999-06-23,3359.1286
1999-06-30,3349.2619
1999-07-07,3361.5134
1999-07-14,3364.0255
1999-07-21,3349.6926
1999-07-28,3345.784
1999-08-04,3351.9441
1999-08-11,3353.8055
1999-08-18,3347.5134
1999-08-25,3363.5304
1999-09-01,3364.308
1999-09-08,3366.917
1999-09-15,3383.7367
1999-09-22,3367.4255
1999-09-29,3368.7544
1999-10-06,3386.3394
1999-10-13,3394.6545
1999-10-20,3394.728
1999-10-27,3407.2555
1999-11-03,3416.4659
1999-11-10,3412.317
1999-11-17,3414.5216
1999-11-24,3455.7942
1999-12-01,3465.317
1999-12-08,3464.2671
1999-12-15,3489.5592
1999-12-22,3488.6366
1999-12-29,3458.7443
2000-01-05,3466.1759
2000-01-12,3473.1755
2000-01-19,3488.6519
2000-01-26,3489.8259
2000-02-02,3488.8698
2000-02-09,3491.4137
2000-02-16,3490.0391
2000-02-23,3505.6638
2000-03-01,3531.976
2000-03-08,3505.1539
2000-03-15,3541.5662
2000-03-22,3532.4714
2000-03-29,3500.4925
2000-04-05,3545.8955
2000-04-12,3539.9554
2000-04-19,3564.586
2000-04-26,3573.2542
2000-05-03,3564.3008
2000-05-10,3574.6509
2000-05-17,3565.4685
2000-05-24,3578.0775
2000-05-31,3581.858
2000-06-07,3593.9295
2000-06-14,3600.3298
2000-06-21,3605.4764
2000-06-28,3576.1274
2000-07-05,3625.2532
2000-07-12,3613.6992
2000-07-19,3620.2373
2000-07-26,3639.3826
2000-08-02,3634.0539
2000-08-09,3649.9736
2000-08-16,3655.5107
2000-08-23,3670.7925
2000-08-30,3635.4985
2000-09-06,3684.5171
2000-09-13,3659.9134
2000-09-20,3678.406
2000-09-27,3650.3119
2000-10-04,3671.4715
2000-10-11,3681.4882
2000-10-18,3662.5754
2000-10-25,3686.8758
2000-11-01,3690.8363
2000-11-08,3665.3158
2000-11-15,3674.8182
2000-11-22,3691.3015
2000-11-29,3643.9063
2000-12-06,3697.7695
2000-12-13,3702.0738
2000-12-20,3721.3226
2000-12-27,3739.9526
2001-01-03,3778.2569
2001-01-10,3757.2538
2001-01-17,3764.901
2001-01-24,3736.5333
2001-01-31,3765.2313
2001-02-07,3751.8003
2001-02-14,3761.0655
2001-02-21,3781.6673
2001-02-28,3801.5804
2001-03-07,3784.0415
2001-03-14,3812.0913
2001-03-21,3790.6098
2001-03-28,3818.2457
2001-04-04,3840.15
2001-04-11,3837.0821
2001-04-18,3842.5801
2001-04-25,3859.5291
2001-05-02,3836.013
2001-05-09,3837.8993
2001-05-16,3864.2554
2001-05-23,3887.9006
2001-05-30,3889.8769
2001-06-06,3878.0745
2001-06-13,3884.2439
2001-06-20,3875.1204
2001-06-27,3880.9834
2001-07-04,3912.1048
2001-07-11,3885.7232
2001-07-18,3874.8677
2001-07-25,3903.08
2001-08-01,3929.1802
2001-08-08,3899.4301
2001-08-15,3906.4279
2001-08-22,3908.186
2001-08-29,3897.7686
2001-09-05,3963.5038
2001-09-12,4206.6403
2001-09-19,4023.1731
2001-09-26,3970.3209
2001-10-03,3987.3007
2001-10-10,3986.5034
2001-10-17,3969.0123
2001-10-24,3993.603
2001-10-31,4016.2564
2001-11-07,3991.6698
2001-11-14,4062.9296
2001-11-21,4031.9944
2001-11-28,4010.6196
2001-12-05,4068.5058
2001-12-12,4082.5868
2001-12-19,4070.0639
2001-12-26,4087.5432
2002-01-02,4084.5852
2002-01-09,4092.6088
2002-01-16,4066.2976
2002-01-23,4113.6843
2002-01-30,4100.6045
2002-02-06,4119.0102
2002-02-13,4122.2314
2002-02-20,4134.6043
2002-02-27,4119.3007
2002-03-06,4125.1061
2002-03-13,4129.625
2002-03-20,4134.9966
2002-03-27,4169.0162
2002-04-03,4148.3287
2002-04-10,4150.1028
2002-04-17,4140.7322
2002-04-24,4134.0018
2002-05-01,4165.302
2002-05-08,4158.5887
2002-05-15,4185.1918
2002-05-22,4173.0468
2002-05-29,4158.3783
2002-06-05,4158.6375
2002-06-12,4161.8463
2002-06-19,4167.359
2002-06-26,4206.0643
2002-07-03,4195.0786
2002-07-10,4189.9173
2002-07-17,4214.9073
2002-07-24,4228.872
2002-07-31,4229.896
2002-08-07,4228.8396
2002-08-14,4254.5479
2002-08-21,4249.0215
2002-08-28,4254.1873
2002-09-04,4293.9856
2002-09-11,4258.7111
2002-09-18,4266.8252
2002-09-25,4265.2626
2002-10-02,4324.4244
2002-10-09,4298.607
2002-10-16,4346.9369
2002-10-23,4342.3237
2002-10-30,4345.681
2002-11-06,4345.3987
2002-11-13,4367.8648
2002-11-20,4337.0277
2002-11-27,4387.8805
2002-12-04,4359.8976
2002-12-11,4351.7811
2002-12-18,4337.6886
2002-12-25,4376.981
2003-01-01,4332.1996
2003-01-08,4343.284
2003-01-15,4381.2013
2003-01-22,4392.723
2003-01-29,4390.0231
2003-02-05,4428.51
2003-02-12,4417.8865
2003-02-19,4415.6512
2003-02-26,4403.9272
2003-03-05,4447.6963
2003-03-12,4441.6959
2003-03-19,4437.4206
2003-03-26,4434.6463
2003-04-02,4449.7639
2003-04-09,4411.6357
2003-04-16,4435.116
2003-04-23,4456.2459
2003-04-30,4513.7047
2003-05-07,4473.6277
2003-05-14,4509.901
2003-05-21,4487.0761
2003-05-28,4509.7536
2003-06-04,4515.2727
2003-06-11,4532.393
2003-06-18,4531.0515
2003-06-25,4562.7719
2003-07-02,4570.367
2003-07-09,4560.8636
2003-07-16,4587.4999
2003-07-23,4599.0743
2003-07-30,4592.3292
2003-08-06,4623.436
2003-08-13,4637.2479
2003-08-20,4612.3789
2003-08-27,4605.0324
2003-09-03,4638.7754
2003-09-10,4587.3482
2003-09-17,4604.4964
2003-09-24,4604.3714
2003-10-01,4623.9203
2003-10-08,4558.7605
2003-10-15,4600.2254
2003-10-22,4581.3386
2003-10-29,4559.9096
2003-11-05,4592.9209
2003-11-12,4628.2104
2003-11-19,4571.2291
2003-11-26,4629.0002
2003-12-03,4597.704
2003-12-10,4625.5454
2003-12-17,4620.1011
2003-12-24,4649.0195
2003-12-31,4629.482
2004-01-07,4645.9866
2004-01-14,4658.7841
2004-01-21,4658.7091
2004-01-28,4670.224
2004-02-04,4689.9456
2004-02-11,4700.7324
2004-02-18,4724.5885
2004-02-25,4710.0862
2004-03-03,4749.5255
2004-03-10,4748.0253
2004-03-17,4764.9137
2004-03-24,4798.3843
2004-03-31,4794.0861
2004-04-07,4799.3969
2004-04-14,4821.3823
2004-04-21,4825.4535
2004-04-28,4832.8402
2004-05-05,4890.2575
2004-05-12,4905.0782
2004-05-19,4907.5086
2004-05-26,4913.4318
2004-06-02,4916.5378
2004-06-09,4939.4914
2004-06-16,4930.2305
2004-06-23,4962.1044
2004-06-30,4937.8997
2004-07-07,4977.5738
2004-07-14,4991.8673
2004-07-21,4995.2612
2004-07-28,4993.9572
2004-08-04,5002.4186
2004-08-11,5005.3432
2004-08-18,4982.1935
2004-08-25,5022.4681
2004-09-01,5035.0394
2004-09-08,5031.1687
2004-09-15,5059.0307
2004-09-22,5052.651
2004-09-29,5026.4779
2004-10-06,5048.1283
2004-10-13,5065.8519
2004-10-20,5073.1715
2004-10-27,5085.6465
2004-11-03,5095.2459
2004-11-10,5102.2214
2004-11-17,5105.7937
2004-11-24,5158.672
2004-12-01,5162.2767
2004-12-08,5145.835
2004-12-15,5168.757
2004-12-22,5170.7445
2004-12-29,5130.3198
2005-01-05,5174.8671
2005-01-12,5191.9417
2005-01-19,5204.0158
2005-01-26,5193.0558
2005-02-02,5207.1513
2005-02-09,5206.521
2005-02-16,5199.1834
2005-02-23,5259.5001
2005-03-02,5237.8857
2005-03-09,5226.4795
2005-03-16,5255.4461
2005-03-23,5263.9317
2005-03-30,5254.572
2005-04-06,5277.5971
2005-04-13,5297.7629
2005-04-20,5292.8479
2005-04-27,5285.956
2005-05-04,5284.5214
2005-05-11,5302.3936
2005-05-18,5286.6374
2005-05-25,5331.4826
2005-06-01,5355.5224
2005-06-08,5362.6379
2005-06-15,5378.4648
2005-06-22,5390.154
2005-06-29,5353.0062
2005-07-06,5386.3342
2005-07-13,5381.7547
2005-07-20,5412.5126
2005-07-27,5416.1594
2005-08-03,5427.1115
2005-08-10,5434.2232
2005-08-17,5465.4464
2005-08-24,5498.6551
2005-08-31,5496.1834
2005-09-07,5504.2481
2005-09-14,5518.3485
2005-09-21,5499.8803
2005-09-28,5500.4131
2005-10-05,5517.9021
2005-10-12,5543.3622
2005-10-19,5525.4716
2005-10-26,5541.9806
2005-11-02,5542.7574
2005-11-09,5530.9749
2005-11-16,5552.6521
2005-11-23,5583.2319
2005-11-30,5565.1768
2005-12-07,5575.4368
2005-12-14,5580.337
2005-12-21,5602.2433
2005-12-28,5607.2128
2006-01-04,5654.7556
2006-01-11,5621.2588
2006-01-18,5628.5631
2006-01-25,5646.3927
2006-02-01,5664.5297
2006-02-08,5646.2829
2006-02-15,5680.3689
2006-02-22,5681.0712
2006-03-01,5711.6112
2006-03-08,5674.1912
2006-03-15,5726.0718
2006-03-22,5719.2717
2006-03-29,5711.9749
2006-04-05,5746.8063
2006-04-12,5775.5831
2006-04-19,5772.0926
2006-04-26,5786.5233
2006-05-03,5786.2424
2006-05-10,5774.4121
2006-05-17,5770.7678
2006-05-24,5799.6833
2006-05-31,5815.4311
2006-06-07,5799.6099
2006-06-14,5820.5254
2006-06-21,5824.7649
2006-06-28,5820.4861
2006-07-05,5865.6496
2006-07-12,5863.8771
2006-07-19,5864.7985
2006-07-26,5853.0187
2006-08-02,5861.8871
2006-08-09,5835.6289
2006-08-16,5880.5163
2006-08-23,5913.2861
2006-08-30,5879.7824
2006-09-06,5925.1249
2006-09-13,5922.3496
2006-09-20,5907.4665
2006-09-27,5905.4196
2006-10-04,6028.1233
2006-10-11,6030.522
2006-10-18,6003.3129
2006-10-25,6023.939
2006-11-01,6042.7182
2006-11-08,6029.2475
2006-11-15,6066.0625
2006-11-22,6099.2398
2006-11-29,6066.7449
2006-12-06,6095.9613
2006-12-13,6098.0895
2006-12-20,6101.4634
2006-12-27,6102.9979
2007-01-03,6127.2938
2007-01-10,6119.8856
2007-01-17,6149.9432
2007-01-24,6148.9006
2007-01-31,6163.9667
2007-02-07,6149.7719
2007-02-14,6175.9135
2007-02-21,6180.0612
2007-02-28,6220.3499
2007-03-07,6207.6237
2007-03-14,6177.2488
2007-03-21,6177.824
2007-03-28,6214.0622
2007-04-04,6250.141
2007-04-11,6257.8584
2007-04-18,6266.9853
2007-04-25,6287.2093
2007-05-02,6284.8428
2007-05-09,6283.3828
2007-05-16,6292.9977
2007-05-23,6314.3022
2007-05-30,6275.1911
2007-06-06,6283.5892
2007-06-13,6278.5948
2007-06-20,6280.8473
2007-06-27,6303.2798
2007-07-04,6330.1011
2007-07-11,6313.0392
2007-07-18,6303.7246
2007-07-25,6339.9252
2007-08-01,6367.1723
2007-08-08,6353.3558
2007-08-15,6400.2815
2007-08-22,6405.0449
2007-08-29,6378.4677
2007-09-05,6442.609
2007-09-12,6433.2845
2007-09-19,6444.3831
2007-09-26,6452.9478
2007-10-03,6466.425
2007-10-10,6481.3166
2007-10-17,6556.1218
2007-10-24,6632.7011
2007-10-31,6656.1158
2007-11-07,6641.3623
2007-11-14,6710.7687
2007-11-21,6677.419
2007-11-28,6644.8359
2007-12-05,6692.8417
2007-12-12,6665.2389
2007-12-19,6663.8915
2007-12-26,6684.2598
2008-01-02,6696.2301
2008-01-09,6683.0432
2008-01-16,6696.5691
2008-01-23,6725.3685
2008-01-30,6727.9143
2008-02-06,6771.9689
2008-02-13,6778.3791
2008-02-20,6791.9244
2008-02-27,6759.4148
2008-03-05,6811.6128
2008-03-12,6831.7917
2008-03-19,6851.2842
2008-03-26,6829.271
2008-04-02,6842.1149
2008-04-09,6844.1767
2008-04-16,6870.0662
2008-04-23,6879.7562
2008-04-30,6822.6535
2008-05-07,6795.0869
2008-05-14,6836.8836
2008-05-21,6852.2247
2008-05-28,6840.6746
2008-06-04,6847.6053
2008-06-11,6861.1265
2008-06-18,6852.9053
2008-06-25,6869.6435
2008-07-02,6842.7882
2008-07-09,6846.8072
2008-07-16,6896.7562
2008-07-23,6885.4393
2008-07-30,6830.7957
2008-08-06,6858.0075
2008-08-13,6861.2309
2008-08-20,6869.9128
2008-08-27,6872.2792
2008-09-03,6915.0479
2008-09-10,6902.2839
2008-09-17,7111.6061
2008-09-24,7105.0558
2008-10-01,7258.0912
2008-10-08,7154.5913
2008-10-15,7166.0488
2008-10-22,7138.1167
2008-10-29,7089.0844
2008-11-05,7106.0701
2008-11-12,7108.993
2008-11-19,7033.7502
2008-11-26,7107.1289
2008-12-03,7126.4721
2008-12-10,7212.9973
2008-12-17,7221.6697
2008-12-24,7252.9461
2008-12-31,7237.5182
2009-01-07,7242.5423
2009-01-14,7281.6261
2009-01-21,7297.7719
2009-01-28,7260.9413
2009-02-04,7266.1066
2009-02-11,7255.6661
2009-02-18,7251.9454
2009-02-25,7256.5042
2009-03-04,7282.9218
2009-03-11,7289.9822
2009-03-18,7261.9604
2009-03-25,7321.1994
2009-04-01,7323.6733
2009-04-08,7299.8542
2009-04-15,7326.4369
2009-04-22,7340.687
2009-04-29,7365.6691
2009-05-06,7417.9265
2009-05-13,7454.8789
2009-05-20,7440.2631
2009-05-27,7459.7137
2009-06-03,7492.061
2009-06-10,7516.029
2009-06-17,7533.8907
2009-06-24,7523.1719
2009-07-01,7503.3809
2009-07-08,7481.3295
2009-07-15,7506.7403
2009-07-22,7493.9252
2009-07-29,7487.2252
2009-08-05,7536.8917
2009-08-12,7538.6201
2009-08-19,7505.271
2009-08-26,7536.7785
2009-09-02,7548.183
2009-09-09,7551.9446
2009-09-16,7561.091
2009-09-23,7563.2889
2009-09-30,7555.8673
2009-10-07,7568.1875
2009-10-14,7624.8763
2009-10-21,7596.6369
2009-10-28,7580.8628
2009-11-04,7652.4866
2009-11-11,7646.0108
2009-11-18,7632.679
2009-11-25,7705.8292
2009-12-02,7705.3492
2009-12-09,7707.4197
2009-12-16,7701.6267
2009-12-23,7716.5064
2009-12-30,7650.0348
2010-01-06,7664.5748
2010-01-13,7670.8586
2010-01-20,7673.5535
2010-01-27,7689.62
2010-02-03,7695.4815
2010-02-10,7684.909
2010-02-17,7724.6924
2010-02-24,7700.4679
2010-03-03,7698.0937
2010-03-10,7678.5933
2010-03-17,7705.0607
2010-03-24,7696.4027
2010-03-31,7691.3204
2010-04-07,7671.105
2010-04-14,7703.8464
2010-04-21,7702.711
2010-04-28,7704.7799
2010-05-05,7695.3524
2010-05-12,7689.7317
2010-05-19,7658.4447
2010-05-26,7669.5804
2010-06-02,7676.1649
2010-06-09,7688.0024
2010-06-16,7683.1569
2010-06-23,7706.9967
2010-06-30,7677.7636
2010-07-07,7688.9782
2010-07-14,7727.2117
2010-07-21,7728.2987
2010-07-28,7742.232
2010-08-04,7762.4948
2010-08-11,7762.6095
2010-08-18,7734.14
2010-08-25,7797.2851
2010-09-01,7802.3002
2010-09-08,7800.7295
2010-09-15,7817.2108
2010-09-22,7783.3845
2010-09-29,7775.073
2010-10-06,7816.4161
2010-10-13,7823.4267
2010-10-20,7840.004
2010-10-27,7858.1477
2010-11-03,7861.1492
2010-11-10,7866.4197
2010-11-17,7896.8022
2010-11-24,7905.4489
2010-12-01,7883.0932
2010-12-08,7878.9002
2010-12-15,7878.9794
2010-12-22,7870.1833
2010-12-29,7848.438
2011-01-05,7883.9389
2011-01-12,7902.8127
2011-01-19,7883.3485
2011-01-26,7910.9012
2011-02-02,7899.1313
2011-02-09,7913.3051
2011-02-16,7928.1218
2011-02-23,7958.2831
2011-03-02,7977.3698
2011-03-09,7980.2442
2011-03-16,7989.3442
2011-03-23,8001.3904
2011-03-30,7996.5048
2011-04-06,8045.64
2011-04-13,8055.5549
2011-04-20,8074.6202
2011-04-27,8096.8258
2011-05-04,8138.6691
2011-05-11,8163.8934
2011-05-18,8129.074
2011-05-25,8188.6808
2011-06-01,8208.4354
2011-06-08,8161.2739
2011-06-15,8166.7161
2011-06-22,8226.1249
2011-06-29,8217.2954
2011-07-06,8254.1787
2011-07-13,8258.0607
2011-07-20,8238.3076
2011-07-27,8327.4763
2011-08-03,8351.1932
2011-08-10,8350.855
2011-08-17,8349.9984
2011-08-24,8349.2114
2011-08-31,8357.1912
2011-09-07,8356.5113
2011-09-14,8380.2838
2011-09-21,8384.256
2011-09-28,8389.1415
2011-10-05,8395.4639
2011-10-12,8366.904
2011-10-19,8349.3237
2011-10-26,8383.1742
2011-11-02,8408.8089
2011-11-09,8390.519
2011-11-16,8402.6963
2011-11-23,8393.709
2011-11-30,8404.8392
2011-12-07,8412.1921
2011-12-14,8435.4655
2011-12-21,8403.5463
2011-12-28,8435.5761
2012-01-04,8488.53
2012-01-11,8484.215
2012-01-18,8457.2055
2012-01-25,8479.5489
2012-02-01,8555.5586
2012-02-08,8558.548
2012-02-15,8554.796
2012-02-22,8542.2382
2012-02-29,8576.367
2012-03-07,8583.5639
2012-03-14,8630.0087
2012-03-21,8602.9443
2012-03-28,8596.3138
2012-04-04,8650.0221
2012-04-11,8638.6049
2012-04-18,8612.27
2012-04-25,8662.1532
2012-05-02,8674.2658
2012-05-09,8674.2726
2012-05-16,8680.2014
2012-05-23,8676.0878
2012-05-30,8639.2578
2012-06-06,8735.7754
2012-06-13,8745.4811
2012-06-20,8707.2566
2012-06-27,8742.5919
2012-07-04,8790.3475
2012-07-11,8785.5066
2012-07-18,8772.1042
2012-07-25,8846.7756
2012-08-01,8828.1293
2012-08-08,8864.3689
2012-08-15,8874.4817
2012-08-22,8877.8741
2012-08-29,8876.1992
2012-09-05,8920.9122
2012-09-12,8906.214
2012-09-19,8900.6972
2012-09-26,8942.9348
2012-10-03,8982.9128
2012-10-10,8969.691
2012-10-17,8977.7559
2012-10-24,8985.4343
2012-10-31,9053.3368
2012-11-07,9086.8914
2012-11-14,9132.9596
2012-11-21,9109.6716
2012-11-28,9104.9185
2012-12-05,9187.734
2012-12-12,9202.6721
2012-12-19,9241.2298
2012-12-26,9307.4113
2013-01-02,9325.4736
2013-01-09,9257.0336
2013-01-16,9246.7322
2013-01-23,9256.3997
2013-01-30,9242.1072
2013-02-06,9268.4888
2013-02-13,9272.926
2013-02-20,9243.5517
2013-02-27,9267.3609
2013-03-06,9285.2008
2013-03-13,9309.4044
2013-03-20,9304.3685
2013-03-27,9394.0598
2013-04-03,9363.6167
2013-04-10,9349.3894
2013-04-17,9362.961
2013-04-24,9354.5997
2013-05-01,9384.5871
2013-05-08,9362.846
2013-05-15,9391.558
2013-05-22,9402.7553
2013-05-29,9388.801
2013-06-05,9431.8837
2013-06-12,9447.1165
2013-06-19,9401.1569
2013-06-26,9431.0837
2013-07-03,9441.5785
2013-07-10,9448.1166
2013-07-17,9504.972
2013-07-24,9510.8574
2013-07-31,9514.7899
2013-08-07,9505.6792
2013-08-14,9537.8248
2013-08-21,9521.04
2013-08-28,9557.0716
2013-09-04,9564.6968
2013-09-11,9558.1374
2013-09-18,9588.878
2013-09-25,9627.0978
2013-10-02,9658.8796
2013-10-09,9641.9999
2013-10-16,9725.0075
2013-10-23,9697.6262
2013-10-30,9694.4492
2013-11-06,9675.5183
2013-11-13,9704.313
2013-11-20,9716.3449
2013-11-27,9776.4554
2013-12-04,9768.6919
2013-12-11,9776.1039
2013-12-18,9774.3517
2013-12-25,9848.7316
2014-01-01,9845.9191
2014-01-08,9837.5105
2014-01-15,9865.089
2014-01-22,9882.6304
2014-01-29,9878.6523
2014-02-05,9888.9686
2014-02-12,9930.9702
2014-02-19,9958.4883
2014-02-26,9914.9696
2014-03-05,9967.3826
2014-03-12,9988.6415
2014-03-19,10005.752
2014-03-26,10002.8396
2014-04-02,10013.0966
2014-04-09,10063.375
2014-04-16,10069.4492
2014-04-23,10076.4413
2014-04-30,10144.0179
2014-05-07,10111.3089
2014-05-14,10131.4001
2014-05-21,10151.4967
2014-05-28,10165.5832
2014-06-04,10153.6583
2014-06-11,10161.0626
2014-06-18,10140.8687
2014-06-25,10198.3653
2014-07-02,10185.7995
2014-07-09,10212.8322
2014-07-16,10236.9501
2014-07-23,10236.5545
2014-07-30,10213.9274
2014-08-06,10182.6751
2014-08-13,10185.5402
2014-08-20,10223.6997
2014-08-27,10257.2967
2014-09-03,10329.2272
2014-09-10,10308.8949
2014-09-17,10335.4511
2014-09-24,10364.2212
2014-10-01,10314.0955
2014-10-08,10274.392
2014-10-15,10301.0411
2014-10-22,10308.5457
2014-10-29,10272.4759
2014-11-05,10317.9332
2014-11-12,10388.418
2014-11-19,10346.4753
2014-11-26,10443.8264
2014-12-03,10422.9497
2014-12-10,10472.8347
2014-12-17,10476.9273
2014-12-24,10488.5976
2014-12-31,10470.2643
2015-01-07,10503.2368
2015-01-14,10503.652
2015-01-21,10511.6391
2015-01-28,10539.8565
2015-02-04,10580.7848
2015-02-11,10591.2369
2015-02-18,10618.691
2015-02-25,10667.7441
2015-03-04,10658.8546
2015-03-11,10665.7792
2015-03-18,10657.3364
2015-03-25,10673.5996
2015-04-01,10728.2008
2015-04-08,10679.6126
2015-04-15,10699.9897
2015-04-22,10651.1378
2015-04-29,10654.7646
2015-05-06,10656.1993
2015-05-13,10726.2067
2015-05-20,10692.3412
2015-05-27,10736.192
2015-06-03,10709.2744
2015-06-10,10712.9855
2015-06-17,10741.9509
2015-06-24,10784.0911
2015-07-01,10781.3981
2015-07-08,10765.2565
2015-07-15,10793.5968
2015-07-22,10813.4853
2015-07-29,10763.0307
2015-08-05,10799.8294
2015-08-12,10812.9137
2015-08-19,10839.5967
2015-08-26,10882.3765
2015-09-02,10861.6054
2015-09-09,10874.9141
2015-09-16,10855.3912
2015-09-23,10861.1939
2015-09-30,10872.6032
2015-10-07,10880.5572
2015-10-14,10893.5453
2015-10-21,10930.0289
2015-10-28,10952.5963
2015-11-04,10972.513
2015-11-11,10967.3027
2015-11-18,10943.6513
2015-11-25,10978.2008
2015-12-02,10933.4174
2015-12-09,10950.4498
2015-12-16,10924.6717
2015-12-23,10950.2684
2015-12-30,10871.732
2016-01-06,10948.2648
2016-01-13,10949.9108
2016-01-20,10959.1476
2016-01-27,10968.1389
2016-02-03,10983.9311
2016-02-10,10997.6759
2016-02-17,11026.4012
2016-02-24,11025.9918
2016-03-02,11061.4156
2016-03-09,11078.0528
2016-03-16,11072.0629
2016-03-23,11122.4121
2016-03-30,11084.5197
2016-04-06,11122.3923
2016-04-13,11150.8091
2016-04-20,11165.4583
2016-04-27,11142.5727
2016-05-04,11187.4078
2016-05-11,11183.2587
2016-05-18,11173.3183
2016-05-25,11201.9201
2016-06-01,11224.5075
2016-06-08,11264.874
2016-06-15,11287.9279
2016-06-22,11267.6075
2016-06-29,11250.743
2016-07-06,11284.1863
2016-07-13,11281.0717
2016-07-20,11273.9526
2016-07-27,11282.3552
2016-08-03,11352.151
2016-08-10,11349.2538
2016-08-17,11394.7865
2016-08-24,11383.6045
2016-08-31,11375.5679
2016-09-07,11387.9649
2016-09-14,11422.3486
2016-09-21,11356.9858
2016-09-28,11350.1754
2016-10-05,11369.6996
2016-10-12,11369.4503
2016-10-19,11365.9197
2016-10-26,11400.4243
2016-11-02,11390.0645
2016-11-09,11417.935
2016-11-16,11438.5697
2016-11-23,11428.5367
2016-11-30,11428.6872
2016-12-07,11440.1721
2016-12-14,11473.0969
2016-12-21,11460.5357
2016-12-28,11486.1338
2017-01-04,11533.255
2017-01-11,11502.8011
2017-01-18,11539.2033
2017-01-25,11518.4445
2017-02-01,11581.395
2017-02-08,11548.0663
2017-02-15,11579.2381
2017-02-22,11554.9176
2017-03-01,11610.1814
2017-03-08,11588.7673
2017-03-15,11654.5076
2017-03-22,11644.1177
2017-03-29,11620.4261
2017-04-05,11656.1046
2017-04-12,11665.5353
2017-04-19,11677.7848
2017-04-26,11669.6246
2017-05-03,11676.7797
2017-05-10,11706.5822
2017-05-17,11724.95
2017-05-24,11748.76
2017-05-31,11740.8286
2017-06-07,11730.9244
2017-06-14,11719.7377
2017-06-21,11722.9605
2017-06-28,11711.323
2017-07-05,11764.9416
2017-07-12,11751.1143
2017-07-19,11767.2726
2017-07-26,11801.4992
2017-08-02,11803.3596
2017-08-09,11802.1364
2017-08-16,11829.713
2017-08-23,11831.9713
2017-08-30,11815.0235
2017-09-06,11852.4899
2017-09-13,11862.2217
2017-09-20,11873.222
2017-09-27,11873.9396
2017-10-04,11938.7006
2017-10-11,11947.6289
2017-10-18,11902.4588
2017-10-25,11951.9417
2017-11-01,11988.3346
2017-11-08,11957.0066
2017-11-15,11960.095
2017-11-22,11960.8566
2017-11-29,11922.7611
2017-12-06,11978.6006
2017-12-13,11970.7001
2017-12-20,11968.1129
2017-12-27,11970.1448
2018-01-03,11984.0347
2018-01-10,11973.6715
2018-01-17,12004.0042
2018-01-24,12000.8745
2018-01-31,12037.2299
2018-02-07,11982.167
2018-02-14,11981.1676
2018-02-21,11967.0715
2018-02-28,12040.9634
2018-03-07,11994.037
2018-03-14,12017.6767
2018-03-21,11967.5961
2018-03-28,12042.4957
2018-04-04,12075.9286
2018-04-11,12091.5345
2018-04-18,12091.915
2018-04-25,12105.9906
2018-05-02,12084.8928
2018-05-09,12111.8174
2018-05-16,12094.0042
2018-05-23,12141.8006
2018-05-30,12155.9075
2018-06-06,12158.8128
2018-06-13,12162.2064
2018-06-20,12176.0009
2018-06-27,12192.2704
2018-07-04,12225.0961
2018-07-11,12197.4977
2018-07-18,12185.5585
2018-07-25,12235.7512
2018-08-01,12244.5532
2018-08-08,12223.2139
2018-08-15,12248.6825
2018-08-22,12246.5869
2018-08-29,12232.4095
2018-09-05,12242.1768
2018-09-12,12244.0936
2018-09-19,12272.2737
2018-09-26,12319.9808
2018-10-03,12308.72
2018-10-10,12322.7781
2018-10-17,12296.8159
2018-10-24,12321.6149
2018-10-31,12311.1246
2018-11-07,12269.7169
2018-11-14,12282.4152
2018-11-21,12286.772
2018-11-28,12310.0965
2018-12-05,12386.6311
2018-12-12,12337.0443
2018-12-19,12378.9984
2018-12-26,12454.6456
2019-01-02,12466.7791
2019-01-09,12468.6756
2019-01-16,12441.5162
2019-01-23,12507.0431
2019-01-30,12459.9133
2019-02-06,12512.437
2019-02-13,12491.0129
2019-02-20,12502.5564
2019-02-27,12517.3711
2019-03-06,12542.3547
2019-03-13,12528.6551
2019-03-20,12562.8682
2019-03-27,12610.5464
2019-04-03,12614.0853
2019-04-10,12614.0214
2019-04-17,12613.4605
2019-04-24,12626.8482
2019-05-01,12679.7157
2019-05-08,12661.9339
2019-05-15,12719.9332
2019-05-22,12668.647
2019-05-29,12678.827
2019-06-05,12722.2714
2019-06-12,12743.6616
2019-06-19,12770.1625
2019-06-26,12818.5782
2019-07-03,12796.5274
2019-07-10,12751.179
2019-07-17,12781.0979
2019-07-24,12807.4317
2019-07-31,12825.2905
2019-08-07,12833.8153
2019-08-14,12817.7447
2019-08-21,12819.143
2019-08-28,12851.2134
2019-09-04,12896.3236
2019-09-11,12870.2921
2019-09-18,12910.0983
2019-09-25,12979.4236
2019-10-02,13040.0813
2019-10-09,13036.5225
2019-10-16,13066.6742
2019-10-23,13067.7038
2019-10-30,13038.5937
2019-11-06,13099.1087
2019-11-13,13138.2689
2019-11-20,13147.51
2019-11-27,13188.5496
2019-12-04,13172.1495
2019-12-11,13200.4971
2019-12-18,13194.28
2019-12-25,13194.4891
2020-01-01,13197.8495
2020-01-08,13262.5603
2020-01-15,13298.4058
2020-01-22,13297.2381
2020-01-29,13284.3125
2020-02-05,13328.786
2020-02-12,13330.8599
2020-02-19,13371.5694
2020-02-26,13347.5031
2020-03-04,13437.2932
2020-03-11,13470.8705
2020-03-18,13749.8194
2020-03-25,14111.7362
2020-04-01,14263.2273
2020-04-08,14251.5122
2020-04-15,14628.8266
2020-04-22,14874.8627
2020-04-29,15005.6389
2020-05-06,15182.8509
2020-05-13,15267.7316
2020-05-20,15321.3896
2020-05-27,15362.4011
2020-06-03,15367.4209
2020-06-10,15444.0406
2020-06-17,15520.7713
2020-06-24,15578.5061
2020-07-01,15551.7117
2020-07-08,15586.2311
2020-07-15,15597.5024
2020-07-22,15491.2131
2020-07-29,15443.2923
2020-08-05,15505.9341
2020-08-12,15518.4242
2020-08-19,15540.9521
2020-08-26,15554.8922
2020-09-02,15595.0741
2020-09-09,15652.9503
2020-09-16,15730.3836
2020-09-23,15713.6142
2020-09-30,15686.8811
2020-10-07,15688.0873
2020-10-14,15795.5137
2020-10-21,15797.7901
2020-10-28,15829.4546
2020-11-04,15879.5497
2020-11-11,15882.2386
2020-11-18,15897.6542
2020-11-25,15983.6286
2020-12-02,15971.9851
2020-12-09,15997.1949
2020-12-16,16027.4499
2020-12-23,16019.4895
2020-12-30,16063.7714
2021-01-06,16117.4393
2021-01-13,16154.0303
2021-01-20,16161.6827
2021-01-27,16256.6257
2021-02-03,16282.0241
2021-02-10,16335.0303
2021-02-17,16425.3164
2021-02-24,16400.797
2021-03-03,16456.6492
2021-03-10,16514.7514
2021-03-17,16696.2257
2021-03-24,16718.9476
2021-03-31,16727.4274
2021-04-07,16783.3808
2021-04-14,16884.8098
2021-04-21,16899.1597
2021-04-28,16972.0475
2021-05-05,17066.4143
2021-05-12,17120.3358
2021-05-19,17100.5483
2021-05-26,17069.4988
2021-06-02,17085.6831
2021-06-09,17185.4232
2021-06-16,17128.3254
2021-06-23,17110.3532
2021-06-30,17061.7226
2021-07-07,17128.2906
2021-07-14,17203.7964
2021-07-21,17260.5281
2021-07-28,17254.2095
2021-08-04,17274.8781
2021-08-11,17325.6988
2021-08-18,17395.2791
2021-08-25,17445.1241
2021-09-01,17501.7925
2021-09-08,17476.6539
2021-09-15,17559.7572
2021-09-22,17520.882
2021-09-29,17547.8109
2021-10-06,17588.416
2021-10-13,17612.2231
2021-10-20,17679.3912
2021-10-27,17709.1698
2021-11-03,17731.1847
2021-11-10,17771.8172
2021-11-17,17798.6449
2021-11-24,17852.0558
2021-12-01,17890.5272
2021-12-08,17875.8325
2021-12-15,17908.2673
2021-12-22,17931.258
2021-12-29,17883.8815
2022-01-05,17948.0465
2022-01-12,17960.0355
2022-01-19,18011.4273
2022-01-26,18006.1926
2022-02-02,17993.1655
2022-02-09,18031.8903
2022-02-16,18013.7135
2022-02-23,18071.3748
2022-03-02,18068.5723
2022-03-09,18055.1535
2022-03-16,18067.6543
2022-03-23,18068.5864
2022-03-30,18109.4137
2022-04-06,18143.4843
2022-04-13,18193.9654
2022-04-20,18098.5704
2022-04-27,18112.2877
2022-05-04,18129.6302
2022-05-11,18079.5765
2022-05-18,18085.1284
2022-05-25,18136.3193
2022-06-01,18106.1421
2022-06-08,18050.7794
2022-06-15,18021.8938
2022-06-22,18068.1492
2022-06-29,18015.2243
2022-07-06,17988.4593
2022-07-13,18018.144
2022-07-20,18024.4789
2022-07-27,18082.1433
2022-08-03,17999.7772
2022-08-10,18026.7697
2022-08-17,18033.1468
2022-08-24,18046.7307
2022-08-31,18023.566
2022-09-07,17947.6222
2022-09-14,17971.9921
2022-09-21,17943.6873
2022-09-28,17893.7789
2022-10-05,17811.5535
2022-10-12,17796.8089
2022-10-19,17791.4362
2022-10-26,17811.762
2022-11-02,17726.2946
2022-11-09,17752.2209
2022-11-16,17740.4801
2022-11-23,17762.3504
2022-11-30,17699.744
2022-12-07,17773.1079
2022-12-14,17757.8331
2022-12-21,17762.1556
2022-12-28,17722.7156
2023-01-04,17750.741
2023-01-11,17689.0204
2023-01-18,17720.4645
2023-01-25,17731.4705
2023-02-01,17702.7922
2023-02-08,17670.4707
2023-02-15,17677.8495
2023-02-22,17655.9343
2023-03-01,17632.4953
2023-03-08,17553.9371
2023-03-15,17417.7572
2023-03-22,17300.4753
2023-03-29,17252.7746
2023-04-05,17271.2845
2023-04-12,17218.4458
2023-04-19,17268.7743
2023-04-26,17211.548
2023-05-03,17239.7698
2023-05-10,17228.4112
2023-05-17,17240.5931
2023-05-24,17299.686
2023-05-31,17334.536
2023-06-07,17279.0503
2023-06-14,17285.016
2023-06-21,17320.1184
2023-06-28,17317.0971
2023-07-05,17346.1035
2023-07-12,17282.1039
2023-07-19,17320.0301
2023-07-26,17317.2347
2023-08-02,17345.3729
2023-08-09,17332.6933
2023-08-16,17304.8893
2023-08-23,17333.953
2023-08-30,17290.9423
2023-09-06,17309.9167
2023-09-13,17311.1038
2023-09-20,17345.8103
2023-09-27,17373.8385
2023-10-04,17364.8438
2023-10-11,17364.7779
2023-10-18,17304.2134
2023-10-25,17343.7665
2023-11-01,17361.3705
2023-11-08,17331.4114
2023-11-15,17352.6908
2023-11-22,17356.7338
2023-11-29,17317.9679
2023-12-06,17343.1391
2023-12-13,17347.9228
2023-12-20,17404.4123
2023-12-27,17420.0639
2024-01-03,17411.4948
2024-01-10,17401.8025
2024-01-17,17443.1273
2024-01-24,17416.8843
2024-01-31,17493.8187
2024-02-07,17455.6738
2024-02-14,17474.0171
2024-02-21,17437.206
2024-02-28,17455.1118
2024-03-06,17486.8872
2024-03-13,17523.8165
2024-03-20,17544.1365
2024-03-27,17601.0794
2024-04-03,17545.8174
2024-04-10,17550.8753
2024-04-17,17458.0237
2024-04-24,17559.642
2024-05-01,17567.436
2024-05-08,17572.2225
2024-05-15,17597.7485
2024-05-22,17598.0311
2024-05-29,17560.2035
2024-06-05,17609.3749
2024-06-12,17598.3071
2024-06-19,17638.77
2024-06-26,17620.6003
2024-07-03,17553.1029
2024-07-10,17562.3341
2024-07-17,17587.0396
2024-07-24,17603.5338
2024-07-31,17695.9827
2024-08-07,17621.2234
2024-08-14,17655.2351
2024-08-21,17656.7428
2024-08-28,17673.1129
2024-09-04,17722.7245
2024-09-11,17713.1746
2024-09-18,17758.002
2024-09-25,17775.3608
2024-10-02,17828.3054
2024-10-09,17759.0754
2024-10-16,17844.4441
2024-10-23,17832.288
2024-10-30,17849.3896
2024-11-06,17843.28
2024-11-13,17837.66
2024-11-20,17777.178
2024-11-27,17908.434
2024-12-04,17840.7456
2024-12-11,17844.7782
2024-12-18,17814.7742
2024-12-25,17874.1253
2025-01-01,17738.9267
2025-01-08,17895.934
2025-01-15,17909.8489
2025-01-22,17980.9369
2025-01-29,17907.362
2025-02-05,17910.5367
2025-02-12,17901.0473
2025-02-19,17951.1572
2025-02-26,17942.3296
2025-03-05,17941.3368
2025-03-12,17985.9365
2025-03-19,18020.9824
2025-03-26,18081.5538
2025-04-02,18122.8226
2025-04-09,18082.3777
2025-04-16,18103.4694
2025-04-23,18105.0912
2025-04-30,18107.5256
2025-05-07,18150.2328
2025-05-14,18157.0044
2025-05-21,18188.0438
2025-05-28,18187.9809
2025-06-04,18205.3037
2025-06-11,18252.7346
2025-06-18,18208.5363
2025-06-25,18310.8058
2025-07-02,18316.1099
2025-07-09,18253.1167
2025-07-16,18299.4121
2025-07-23,18329.0864
2025-07-30,18347.9113
2025-08-06,18327.8848
2025-08-13,18367.4178
2025-08-20,18343.0616
2025-08-27,18371.1131
2025-09-03,18400.7632
2025-09-10,18412.6783
