date,STLFSI3
1993-12-31,-0.3451
1994-01-07,-0.5023
1994-01-14,0.013
1994-01-21,-0.4602
1994-01-28,-0.2581
1994-02-04,-0.6513
1994-02-11,-0.524
1994-02-18,-0.4245
1994-02-25,-0.5358
1994-03-04,-0.4101
1994-03-11,-0.3788
1994-03-18,-0.2419
1994-03-25,-0.3866
1994-04-01,-0.3693
1994-04-08,-0.4159
1994-04-15,-0.0308
1994-04-22,-0.3863
1994-04-29,-0.0538
1994-05-06,-0.6549
1994-05-13,-0.4087
1994-05-20,0.1716
1994-05-27,-0.3297
1994-06-03,-0.0758
1994-06-10,0.1367
1994-06-17,-0.371
1994-06-24,-0.261
1994-07-01,-0.351
1994-07-08,-0.1017
1994-07-15,-0.1434
1994-07-22,-0.005
1994-07-29,-0.2954
1994-08-05,-0.0534
1994-08-12,-0.5218
1994-08-19,-0.3433
1994-08-26,-0.4135
1994-09-02,-0.2015
1994-09-09,-0.47
1994-09-16,-0.4451
1994-09-23,-0.4852
1994-09-30,-0.335
1994-10-07,-0.3958
1994-10-14,0.0183
1994-10-21,-0.2872
1994-10-28,-0.4313
1994-11-04,-0.3076
1994-11-11,-0.3815
1994-11-18,-0.5079
1994-11-25,-0.2543
1994-12-02,-0.2451
1994-12-09,-0.1797
1994-12-16,-0.2976
1994-12-23,-0.2489
1994-12-30,-0.0956
1995-01-06,-0.3972
1995-01-13,-0.0396
1995-01-20,-0.3136
1995-01-27,-0.429
1995-02-03,-0.2463
1995-02-10,-0.4493
1995-02-17,-0.2159
1995-02-24,-0.1815
1995-03-03,-0.1508
1995-03-10,-0.2857
1995-03-17,-0.0284
1995-03-24,-0.451
1995-03-31,-0.4836
1995-04-07,-0.3065
1995-04-14,-0.284
1995-04-21,-0.1938
1995-04-28,-0.471
1995-05-05,-0.2129
1995-05-12,0.0803
1995-05-19,-0.3222
1995-05-26,-0.2635
1995-06-02,0.1316
1995-06-09,-0.2077
1995-06-16,-0.2413
1995-06-23,-0.089
1995-06-30,-0.3658
1995-07-07,-0.2527
1995-07-14,-0.0997
1995-07-21,-0.7716
1995-07-28,-0.4052
1995-08-04,-0.2834
1995-08-11,-0.3194
1995-08-18,-0.5005
1995-08-25,-0.1941
1995-09-01,0.0065
1995-09-08,-0.1829
1995-09-15,-0.3203
1995-09-22,-0.3452
1995-09-29,-0.5469
1995-10-06,0.0656
1995-10-13,-0.2176
1995-10-20,-0.16
1995-10-27,-0.2124
1995-11-03,-0.1629
1995-11-10,-0.3593
1995-11-17,-0.3486
1995-11-24,-0.5083
1995-12-01,-0.2304
1995-12-08,-0.2905
1995-12-15,-0.4852
1995-12-22,-0.3699
1995-12-29,0.0882
1996-01-05,-0.4992
1996-01-12,-0.3068
1996-01-19,-0.1159
1996-01-26,-0.4716
1996-02-02,-0.3688
1996-02-09,-0.3064
1996-02-16,-0.2537
1996-02-23,-0.8382
1996-03-01,-0.6171
1996-03-08,-0.0923
1996-03-15,-0.6094
1996-03-22,-0.1684
1996-03-29,-0.1233
1996-04-05,-0.2188
1996-04-12,-0.3651
1996-04-19,0.0951
1996-04-26,-0.2409
1996-05-03,-0.4293
1996-05-10,-0.2271
1996-05-17,-0.079
1996-05-24,-0.2586
1996-05-31,-0.4563
1996-06-07,-0.3665
1996-06-14,-0.38
1996-06-21,-0.2157
1996-06-28,0.0369
1996-07-05,-0.4823
1996-07-12,-0.08
1996-07-19,0.0951
1996-07-26,-0.1615
1996-08-02,-0.1865
1996-08-09,0.3536
1996-08-16,-0.3314
1996-08-23,-0.402
1996-08-30,-0.6096
1996-09-06,-0.3458
1996-09-13,-0.1111
1996-09-20,-0.15
1996-09-27,-0.0414
1996-10-04,-0.0002
1996-10-11,-0.0493
1996-10-18,-0.1782
1996-10-25,-0.2602
1996-11-01,0.0136
1996-11-08,-0.1661
1996-11-15,-0.1609
1996-11-22,-0.3399
1996-11-29,-0.3143
1996-12-06,-0.2093
1996-12-13,-0.2173
1996-12-20,-0.3167
1996-12-27,-0.0743
1997-01-03,-0.5343
1997-01-10,-0.2377
1997-01-17,-0.3624
1997-01-24,-0.4307
1997-01-31,-0.3379
1997-02-07,-0.1053
1997-02-14,-0.2674
1997-02-21,-0.4017
1997-02-28,-0.6383
1997-03-07,-0.4042
1997-03-14,-0.3958
1997-03-21,-0.4613
1997-03-28,-0.5292
1997-04-04,-0.2901
1997-04-11,-0.16
1997-04-18,-0.2998
1997-04-25,-0.3072
1997-05-02,-0.2049
1997-05-09,-0.2026
1997-05-16,-0.2328
1997-05-23,-0.3734
1997-05-30,-0.3261
1997-06-06,-0.036
1997-06-13,-0.2765
1997-06-20,-0.1649
1997-06-27,-0.1906
1997-07-04,-0.4516
1997-07-11,0.0098
1997-07-18,-0.3328
1997-07-25,-0.3251
1997-08-01,-0.4073
1997-08-08,-0.5307
1997-08-15,-0.3853
1997-08-22,-0.2383
1997-08-29,-0.3666
1997-09-05,-0.2374
1997-09-12,-0.2294
1997-09-19,-0.0276
1997-09-26,-0.1347
1997-10-03,-0.2316
1997-10-10,-0.2567
1997-10-17,-0.3646
1997-10-24,-0.2006
1997-10-31,0.755
1997-11-07,-0.1372
1997-11-14,0.3269
1997-11-21,-0.1608
1997-11-28,-0.1895
1997-12-05,-0.3778
1997-12-12,-0.1096
1997-12-19,-0.0632
1997-12-26,0.1317
1998-01-02,-0.5701
1998-01-09,0.5117
1998-01-16,-0.0805
1998-01-23,-0.4212
1998-01-30,-0.3276
1998-02-06,-0.3099
1998-02-13,-0.3989
1998-02-20,-0.3407
1998-02-27,-0.6734
1998-03-06,-0.4887
1998-03-13,-0.1795
1998-03-20,-0.4282
1998-03-27,-0.4503
1998-04-03,-0.2356
1998-04-10,-0.2014
1998-04-17,-0.4255
1998-04-24,-0.3142
1998-05-01,-0.2351
1998-05-08,-0.0922
1998-05-15,-0.4754
1998-05-22,-0.2503
1998-05-29,-0.1548
1998-06-05,-0.243
1998-06-12,-0.1942
1998-06-19,-0.136
1998-06-26,-0.2463
1998-07-03,-0.5056
1998-07-10,-0.147
1998-07-17,-0.5825
1998-07-24,-0.2092
1998-07-31,-0.2203
1998-08-07,0.1724
1998-08-14,0.2667
1998-08-21,0.1675
1998-08-28,0.958
1998-09-04,1.2807
1998-09-11,0.9346
1998-09-18,0.5932
1998-09-25,0.7923
1998-10-02,1.1733
1998-10-09,2.0537
1998-10-16,0.9702
1998-10-23,0.859
1998-10-30,0.6613
1998-11-06,0.1553
1998-11-13,0.5824
1998-11-20,0.291
1998-11-27,-0.0693
1998-12-04,0.6995
1998-12-11,0.4419
1998-12-18,0.4768
1998-12-25,-0.0239
1999-01-01,0.395
1999-01-08,0.0151
1999-01-15,0.4823
1999-01-22,0.518
1999-01-29,0.232
1999-02-05,-0.0102
1999-02-12,0.1136
1999-02-19,-0.0244
1999-02-26,-0.143
1999-03-05,-0.1354
1999-03-12,0.1985
1999-03-19,0.1101
1999-03-26,0.0415
1999-04-02,-0.0033
1999-04-09,0.2268
1999-04-16,-0.0696
1999-04-23,-0.0268
1999-04-30,-0.1947
1999-05-07,-0.1863
1999-05-14,-0.0794
1999-05-21,0.0461
1999-05-28,0.2751
1999-06-04,-0.1331
1999-06-11,-0.0193
1999-06-18,0.099
1999-06-25,-0.0935
1999-07-02,0.0895
1999-07-09,0.0707
1999-07-16,0.293
1999-07-23,0.174
1999-07-30,0.0589
1999-08-06,0.2731
1999-08-13,0.103
1999-08-20,0.3166
1999-08-27,0.1501
1999-09-03,0.0138
1999-09-10,0.3136
1999-09-17,0.3008
1999-09-24,0.3689
1999-10-01,0.2132
1999-10-08,0.2781
1999-10-15,0.3841
1999-10-22,0.3075
1999-10-29,0.1339
1999-11-05,0.4617
1999-11-12,0.1995
1999-11-19,-0.1543
1999-11-26,-0.1069
1999-12-03,0.0188
1999-12-10,0.2642
1999-12-17,-0.0763
1999-12-24,-0.1545
1999-12-31,0.2818
2000-01-07,-0.236
2000-01-14,-0.229
2000-01-21,-0.124
2000-01-28,0.1262
2000-02-04,-0.0407
2000-02-11,0.0238
2000-02-18,0.1716
2000-02-25,0.3495
2000-03-03,-0.0724
2000-03-10,0.0131
2000-03-17,-0.0071
2000-03-24,-0.1141
2000-03-31,0.1615
2000-04-07,0.5783
2000-04-14,0.4454
2000-04-21,0.3122
2000-04-28,0.096
2000-05-05,0.1724
2000-05-12,0.3019
2000-05-19,0.1481
2000-05-26,0.6201
2000-06-02,0.5868
2000-06-09,0.5452
2000-06-16,0.4204
2000-06-23,0.3618
2000-06-30,0.322
2000-07-07,0.3474
2000-07-14,0.1042
2000-07-21,-0.0087
2000-07-28,0.1689
2000-08-04,0.1552
2000-08-11,0.0069
2000-08-18,-0.06
2000-08-25,0.0188
2000-09-01,-0.1114
2000-09-08,0.0725
2000-09-15,-0.0188
2000-09-22,0.1328
2000-09-29,0.1502
2000-10-06,0.1338
2000-10-13,0.7544
2000-10-20,0.5051
2000-10-27,0.2921
2000-11-03,0.0088
2000-11-10,0.1952
2000-11-17,0.495
2000-11-24,0.586
2000-12-01,0.6639
2000-12-08,0.7785
2000-12-15,0.5127
2000-12-22,1.0684
2000-12-29,0.7202
2001-01-05,1.0802
2001-01-12,0.4631
2001-01-19,0.2062
2001-01-26,0.1652
2001-02-02,0.5155
2001-02-09,0.3984
2001-02-16,0.2277
2001-02-23,0.6516
2001-03-02,0.7111
2001-03-09,0.4044
2001-03-16,0.8446
2001-03-23,1.1234
2001-03-30,0.357
2001-04-06,1.0533
2001-04-13,0.5958
2001-04-20,0.4646
2001-04-27,0.7887
2001-05-04,0.2932
2001-05-11,0.3986
2001-05-18,0.27
2001-05-25,0.3403
2001-06-01,0.3754
2001-06-08,0.5149
2001-06-15,0.485
2001-06-22,0.5134
2001-06-29,0.2185
2001-07-06,0.1105
2001-07-13,0.6054
2001-07-20,0.5267
2001-07-27,0.3309
2001-08-03,0.2558
2001-08-10,0.2688
2001-08-17,0.4433
2001-08-24,0.4917
2001-08-31,0.441
2001-09-07,0.4319
2001-09-14,1.7336
2001-09-21,2.0639
2001-09-28,0.6865
2001-10-05,1.3013
2001-10-12,0.7758
2001-10-19,0.7993
2001-10-26,0.7548
2001-11-02,1.2862
2001-11-09,0.9762
2001-11-16,-0.0163
2001-11-23,0.2368
2001-11-30,0.6616
2001-12-07,0.7324
2001-12-14,0.5946
2001-12-21,0.7316
2001-12-28,0.5363
2002-01-04,0.5484
2002-01-11,0.6501
2002-01-18,0.6772
2002-01-25,0.1565
2002-02-01,0.4773
2002-02-08,0.7475
2002-02-15,0.2995
2002-02-22,0.5388
2002-03-01,0.2832
2002-03-08,-0.0938
2002-03-15,-0.1066
2002-03-22,0.1825
2002-03-29,0.2973
2002-04-05,0.466
2002-04-12,0.4768
2002-04-19,0.2949
2002-04-26,0.4272
2002-05-03,0.254
2002-05-10,0.2874
2002-05-17,-0.0243
2002-05-24,0.3983
2002-05-31,0.3561
2002-06-07,0.5433
2002-06-14,0.7041
2002-06-21,0.7347
2002-06-28,0.9332
2002-07-05,0.7541
2002-07-12,1.0319
2002-07-19,1.0668
2002-07-26,1.7148
2002-08-02,0.8812
2002-08-09,1.4814
2002-08-16,1.1421
2002-08-23,0.8033
2002-08-30,0.8498
2002-09-06,1.5345
2002-09-13,0.9341
2002-09-20,1.4177
2002-09-27,1.4931
2002-10-04,1.3029
2002-10-11,1.5176
2002-10-18,0.3533
2002-10-25,0.8804
2002-11-01,1.4285
2002-11-08,1.0627
2002-11-15,1.0974
2002-11-22,0.389
2002-11-29,0.5374
2002-12-06,0.8879
2002-12-13,0.997
2002-12-20,0.6249
2002-12-27,1.0005
2003-01-03,0.9017
2003-01-10,0.3024
2003-01-17,0.6574
2003-01-24,1.0297
2003-01-31,0.8796
2003-02-07,0.9759
2003-02-14,0.8876
2003-02-21,0.6614
2003-02-28,0.7403
2003-03-07,0.8181
2003-03-14,0.7637
2003-03-21,0.1306
2003-03-28,0.6474
2003-04-04,0.6014
2003-04-11,0.3341
2003-04-18,0.1891
2003-04-25,0.268
2003-05-02,0.2531
2003-05-09,0.3302
2003-05-16,0.4712
2003-05-23,0.7428
2003-05-30,0.339
2003-06-06,0.3207
2003-06-13,0.5038
2003-06-20,0.0801
2003-06-27,0.3032
2003-07-04,0.2032
2003-07-11,0.0996
2003-07-18,-0.1219
2003-07-25,-0.1302
2003-08-01,-0.005
2003-08-08,0.495
2003-08-15,-0.027
2003-08-22,0.1408
2003-08-29,-0.002
2003-09-05,0.0432
2003-09-12,0.3098
2003-09-19,-0.0073
2003-09-26,0.0803
2003-10-03,0.2094
2003-10-10,-0.3751
2003-10-17,-0.5341
2003-10-24,-0.0435
2003-10-31,-0.2408
2003-11-07,-0.4408
2003-11-14,-0.2113
2003-11-21,0.0753
2003-11-28,-0.4723
2003-12-05,-0.4003
2003-12-12,-0.1936
2003-12-19,-0.1807
2003-12-26,-0.2718
2004-01-02,-0.3817
2004-01-09,-0.3465
2004-01-16,-0.1498
2004-01-23,-0.4829
2004-01-30,-0.5084
2004-02-06,-0.3385
2004-02-13,-0.3997
2004-02-20,-0.478
2004-02-27,-0.4777
2004-03-05,-0.6302
2004-03-12,-0.1077
2004-03-19,-0.3622
2004-03-26,-0.3144
2004-04-02,-0.8364
2004-04-09,-0.84
2004-04-16,-0.6408
2004-04-23,-0.5804
2004-04-30,-0.5069
2004-05-07,-0.5398
2004-05-14,-0.5343
2004-05-21,-0.4179
2004-05-28,-0.5493
2004-06-04,-0.6648
2004-06-11,-0.8203
2004-06-18,-0.5404
2004-06-25,-0.5122
2004-07-02,-0.5006
2004-07-09,-0.2913
2004-07-16,-0.5494
2004-07-23,-0.5864
2004-07-30,-0.6787
2004-08-06,-0.1804
2004-08-13,-0.3863
2004-08-20,-0.4714
2004-08-27,-0.6592
2004-09-03,-0.4869
2004-09-10,-0.6817
2004-09-17,-0.5436
2004-09-24,-0.5692
2004-10-01,-0.6962
2004-10-08,-0.7137
2004-10-15,-0.3277
2004-10-22,-0.4648
2004-10-29,-0.7026
2004-11-05,-0.8858
2004-11-12,-1.0112
2004-11-19,-0.7838
2004-11-26,-0.9037
2004-12-03,-0.9179
2004-12-10,-0.5987
2004-12-17,-0.935
2004-12-24,-0.9349
2004-12-31,-0.9386
2005-01-07,-0.7572
2005-01-14,-0.7147
2005-01-21,-0.6675
2005-01-28,-0.8093
2005-02-04,-0.8721
2005-02-11,-0.7907
2005-02-18,-1.0894
2005-02-25,-1.1337
2005-03-04,-1.0377
2005-03-11,-1.0717
2005-03-18,-0.9243
2005-03-25,-0.8922
2005-04-01,-0.7308
2005-04-08,-0.6807
2005-04-15,-0.6184
2005-04-22,-0.5174
2005-04-29,-0.7785
2005-05-06,-0.8074
2005-05-13,-0.6283
2005-05-20,-0.4375
2005-05-27,-0.7701
2005-06-03,-0.5667
2005-06-10,-0.7103
2005-06-17,-0.9438
2005-06-24,-0.5672
2005-07-01,-0.7786
2005-07-08,-0.8412
2005-07-15,-0.9674
2005-07-22,-0.9039
2005-07-29,-0.9578
2005-08-05,-1.0134
2005-08-12,-0.9318
2005-08-19,-0.6967
2005-08-26,-0.7592
2005-09-02,-0.5343
2005-09-09,-0.8913
2005-09-16,-0.9117
2005-09-23,-0.8374
2005-09-30,-0.9449
2005-10-07,-0.7943
2005-10-14,-0.6573
2005-10-21,-0.8658
2005-10-28,-0.984
2005-11-04,-1.0149
2005-11-11,-0.8549
2005-11-18,-0.6578
2005-11-25,-0.7332
2005-12-02,-0.7556
2005-12-09,-0.7516
2005-12-16,-0.7287
2005-12-23,-0.6576
2005-12-30,-0.5682
2006-01-06,-0.8436
2006-01-13,-1.0421
2006-01-20,-0.7665
2006-01-27,-1.1005
2006-02-03,-1.1738
2006-02-10,-0.9319
2006-02-17,-1.0461
2006-02-24,-1.0832
2006-03-03,-1.1258
2006-03-10,-1.0911
2006-03-17,-0.996
2006-03-24,-1.0669
2006-03-31,-1.1788
2006-04-07,-1.1198
2006-04-14,-1.0594
2006-04-21,-1.0646
2006-04-28,-1.1595
2006-05-05,-1.1796
2006-05-12,-1.1524
2006-05-19,-0.8812
2006-05-26,-0.7461
2006-06-02,-0.9774
2006-06-09,-0.7209
2006-06-16,-0.7797
2006-06-23,-0.9583
2006-06-30,-0.9187
2006-07-07,-0.9642
2006-07-14,-0.7063
2006-07-21,-0.7573
2006-07-28,-0.9167
2006-08-04,-0.8143
2006-08-11,-0.9105
2006-08-18,-1.0094
2006-08-25,-0.9051
2006-09-01,-0.9069
2006-09-08,-0.9242
2006-09-15,-0.9485
2006-09-22,-0.7451
2006-09-29,-0.6926
2006-10-06,-0.8711
2006-10-13,-1.2179
2006-10-20,-0.9661
2006-10-27,-0.9858
2006-11-03,-0.7298
2006-11-10,-1.0185
2006-11-17,-0.9831
2006-11-24,-0.8938
2006-12-01,-0.7023
2006-12-08,-0.8976
2006-12-15,-1.1005
2006-12-22,-0.9822
2006-12-29,-1.0458
2007-01-05,-0.8583
2007-01-12,-1.0437
2007-01-19,-1.1838
2007-01-26,-1.2015
2007-02-02,-1.1262
2007-02-09,-0.998
2007-02-16,-1.0915
2007-02-23,-1.0773
2007-03-02,-0.5249
2007-03-09,-0.7556
2007-03-16,-0.8663
2007-03-23,-1.0711
2007-03-30,-1.0033
2007-04-06,-1.0207
2007-04-13,-1.1123
2007-04-20,-0.9673
2007-04-27,-0.9859
2007-05-04,-0.9141
2007-05-11,-0.9896
2007-05-18,-1.0296
2007-05-25,-1.0878
2007-06-01,-0.9975
2007-06-08,-0.922
2007-06-15,-0.9052
2007-06-22,-0.6111
2007-06-29,-0.501
2007-07-06,-0.7975
2007-07-13,-0.6968
2007-07-20,-0.6149
2007-07-27,-0.0106
2007-08-03,0.0847
2007-08-10,0.0233
2007-08-17,1.14
2007-08-24,1.0723
2007-08-31,0.8104
2007-09-07,1.2153
2007-09-14,1.2657
2007-09-21,0.3262
2007-09-28,0.4786
2007-10-05,0.4111
2007-10-12,0.009
2007-10-19,0.6171
2007-10-26,0.7665
2007-11-02,0.2951
2007-11-09,1.0732
2007-11-16,1.0237
2007-11-23,1.8239
2007-11-30,1.7291
2007-12-07,1.5024
2007-12-14,1.3715
2007-12-21,1.5009
2007-12-28,0.9769
2008-01-04,1.7266
2008-01-11,1.1174
2008-01-18,1.015
2008-01-25,1.6605
2008-02-01,0.7823
2008-02-08,1.4312
2008-02-15,1.0552
2008-02-22,0.8418
2008-02-29,1.2676
2008-03-07,2.3269
2008-03-14,1.8407
2008-03-21,2.3138
2008-03-28,1.2384
2008-04-04,1.3807
2008-04-11,1.563
2008-04-18,1.4092
2008-04-25,1.1736
2008-05-02,1.0326
2008-05-09,1.0028
2008-05-16,0.7055
2008-05-23,0.7129
2008-05-30,0.5081
2008-06-06,1.1516
2008-06-13,0.7375
2008-06-20,0.9531
2008-06-27,1.5868
2008-07-04,1.6493
2008-07-11,1.5937
2008-07-18,1.3553
2008-07-25,0.7352
2008-08-01,1.4687
2008-08-08,1.2974
2008-08-15,1.3107
2008-08-22,1.602
2008-08-29,1.2847
2008-09-05,1.6053
2008-09-12,1.7003
2008-09-19,3.7698
2008-09-26,3.5997
2008-10-03,6.3616
2008-10-10,8.2572
2008-10-17,7.8035
2008-10-24,7.083
2008-10-31,6.6462
2008-11-07,5.6342
2008-11-14,5.4936
2008-11-21,7.3717
2008-11-28,6.3678
2008-12-05,6.8007
2008-12-12,5.9717
2008-12-19,5.8874
2008-12-26,4.4752
2009-01-02,4.5539
2009-01-09,3.1637
2009-01-16,3.7563
2009-01-23,3.9006
2009-01-30,3.5499
2009-02-06,3.1689
2009-02-13,3.3612
2009-02-20,3.9714
2009-02-27,3.7298
2009-03-06,4.5455
2009-03-13,3.5081
2009-03-20,3.0365
2009-03-27,2.9033
2009-04-03,2.8631
2009-04-10,2.3994
2009-04-17,2.3641
2009-04-24,2.5316
2009-05-01,2.0136
2009-05-08,1.277
2009-05-15,2.0143
2009-05-22,1.39
2009-05-29,1.1156
2009-06-05,1.1159
2009-06-12,0.7489
2009-06-19,1.7154
2009-06-26,1.7685
2009-07-03,1.2446
2009-07-10,1.5631
2009-07-17,0.8331
2009-07-24,0.7
2009-07-31,0.4772
2009-08-07,0.1364
2009-08-14,0.8496
2009-08-21,1.1149
2009-08-28,0.6142
2009-09-04,0.8706
2009-09-11,0.3607
2009-09-18,0.0558
2009-09-25,0.2813
2009-10-02,0.6182
2009-10-09,0.2992
2009-10-16,0.0052
2009-10-23,0.2262
2009-10-30,0.3936
2009-11-06,0.3886
2009-11-13,0.0596
2009-11-20,0.2867
2009-11-27,0.1936
2009-12-04,0.0337
2009-12-11,-0.1057
2009-12-18,-0.1914
2009-12-25,-0.4015
2010-01-01,-0.2904
2010-01-08,-0.3687
2010-01-15,-0.2906
2010-01-22,0.0137
2010-01-29,0.0428
2010-02-05,-0.0637
2010-02-12,0.0497
2010-02-19,-0.3008
2010-02-26,-0.155
2010-03-05,-0.2196
2010-03-12,-0.6554
2010-03-19,-0.393
2010-03-26,-0.5037
2010-04-02,-0.4314
2010-04-09,-0.5266
2010-04-16,-0.3626
2010-04-23,-0.3946
2010-04-30,-0.1605
2010-05-07,0.6073
2010-05-14,0.2642
2010-05-21,1.1039
2010-05-28,0.9505
2010-06-04,0.6761
2010-06-11,0.9522
2010-06-18,0.3624
2010-06-25,0.589
2010-07-02,1.031
2010-07-09,0.4466
2010-07-16,0.2348
2010-07-23,0.5057
2010-07-30,0.0616
2010-08-06,0.2126
2010-08-13,0.4924
2010-08-20,0.6298
2010-08-27,0.538
2010-09-03,0.2616
2010-09-10,-0.0278
2010-09-17,-0.0103
2010-09-24,0.2108
2010-10-01,0.2155
2010-10-08,0.0325
2010-10-15,-0.2824
2010-10-22,-0.1025
2010-10-29,-0.2937
2010-11-05,-0.1219
2010-11-12,-0.3986
2010-11-19,-0.1149
2010-11-26,0.0967
2010-12-03,-0.055
2010-12-10,-0.4821
2010-12-17,-0.3807
2010-12-24,-0.227
2010-12-31,-0.2627
2011-01-07,-0.3691
2011-01-14,-0.3143
2011-01-21,-0.4165
2011-01-28,-0.2716
2011-02-04,-0.5441
2011-02-11,-0.6396
2011-02-18,-0.3012
2011-02-25,-0.0055
2011-03-04,-0.274
2011-03-11,-0.3031
2011-03-18,0.1824
2011-03-25,-0.4577
2011-04-01,-0.4922
2011-04-08,-0.5402
2011-04-15,-0.4064
2011-04-22,-0.3571
2011-04-29,-0.522
2011-05-06,-0.2825
2011-05-13,-0.3898
2011-05-20,-0.3075
2011-05-27,-0.2828
2011-06-03,-0.1636
2011-06-10,-0.1583
2011-06-17,-0.1489
2011-06-24,-0.116
2011-07-01,-0.59
2011-07-08,-0.3825
2011-07-15,0.1051
2011-07-22,-0.3693
2011-07-29,-0.3007
2011-08-05,0.6452
2011-08-12,1.519
2011-08-19,0.5633
2011-08-26,0.8059
2011-09-02,0.4693
2011-09-09,1.0245
2011-09-16,0.6701
2011-09-23,1.2284
2011-09-30,1.0072
2011-10-07,1.3911
2011-10-14,0.1525
2011-10-21,0.6168
2011-10-28,0.1496
2011-11-04,0.9691
2011-11-11,0.6731
2011-11-18,0.9294
2011-11-25,1.2027
2011-12-02,0.4448
2011-12-09,0.477
2011-12-16,0.8268
2011-12-23,0.4603
2011-12-30,0.4945
2012-01-06,0.3024
2012-01-13,0.4289
2012-01-20,0.2576
2012-01-27,0.0896
2012-02-03,0.2398
2012-02-10,-0.1349
2012-02-17,0.07
2012-02-24,-0.0941
2012-03-02,-0.0326
2012-03-09,0.0091
2012-03-16,-0.5163
2012-03-23,-0.2796
2012-03-30,-0.0055
2012-04-06,-0.0635
2012-04-13,0.3177
2012-04-20,-0.0313
2012-04-27,-0.1059
2012-05-04,-0.1642
2012-05-11,0.0675
2012-05-18,0.4675
2012-05-25,0.25
2012-06-01,0.4801
2012-06-08,0.3478
2012-06-15,0.1101
2012-06-22,-0.0377
2012-06-29,0.0491
2012-07-06,-0.0414
2012-07-13,0.1527
2012-07-20,-0.0904
2012-07-27,0.0761
2012-08-03,-0.275
2012-08-10,-0.381
2012-08-17,-0.3138
2012-08-24,-0.2285
2012-08-31,-0.0595
2012-09-07,-0.2874
2012-09-14,-0.6823
2012-09-21,-0.6293
2012-09-28,-0.166
2012-10-05,-0.4926
2012-10-12,-0.5394
2012-10-19,-0.6904
2012-10-26,-0.4041
2012-11-02,-0.3312
2012-11-09,-0.3018
2012-11-16,-0.1692
2012-11-23,-0.6598
2012-11-30,-0.5011
2012-12-07,-0.5584
2012-12-14,-0.6882
2012-12-21,-0.7075
2012-12-28,-0.3591
2013-01-04,-0.7729
2013-01-11,-0.6892
2013-01-18,-0.6646
2013-01-25,-0.7502
2013-02-01,-0.7382
2013-02-08,-0.5763
2013-02-15,-0.7338
2013-02-22,-0.664
2013-03-01,-0.4596
2013-03-08,-0.8613
2013-03-15,-0.905
2013-03-22,-0.553
2013-03-29,-0.6365
2013-04-05,-0.5037
2013-04-12,-0.7205
2013-04-19,-0.4693
2013-04-26,-0.7229
2013-05-03,-0.684
2013-05-10,-0.9338
2013-05-17,-0.7556
2013-05-24,-0.6193
2013-05-31,-0.5391
2013-06-07,-0.1456
2013-06-14,-0.2546
2013-06-21,-0.2426
2013-06-28,-0.1353
2013-07-05,-0.1455
2013-07-12,-0.4229
2013-07-19,-0.4537
2013-07-26,-0.5295
2013-08-02,-0.4681
2013-08-09,-0.4482
2013-08-16,-0.4991
2013-08-23,-0.3435
2013-08-30,-0.0945
2013-09-06,-0.4198
2013-09-13,-0.3716
2013-09-20,-0.3804
2013-09-27,-0.2645
2013-10-04,-0.2989
2013-10-11,-0.4386
2013-10-18,-0.5594
2013-10-25,-0.5219
2013-11-01,-0.5835
2013-11-08,-0.6479
2013-11-15,-0.6681
2013-11-22,-0.6725
2013-11-29,-0.6033
2013-12-06,-0.5611
2013-12-13,-0.5412
2013-12-20,-0.6154
2013-12-27,-0.7849
2014-01-03,-0.6189
2014-01-10,-0.644
2014-01-17,-0.6064
2014-01-24,-0.5347
2014-01-31,-0.3228
2014-02-07,-0.3505
2014-02-14,-0.7941
2014-02-21,-0.6218
2014-02-28,-0.64
2014-03-07,-0.6941
2014-03-14,-0.6329
2014-03-21,-0.6771
2014-03-28,-0.614
2014-04-04,-0.6776
2014-04-11,-0.4484
2014-04-18,-0.633
2014-04-25,-0.7904
2014-05-02,-0.6544
2014-05-09,-0.6537
2014-05-16,-0.7009
2014-05-23,-0.7172
2014-05-30,-0.7429
2014-06-06,-0.9223
2014-06-13,-0.8638
2014-06-20,-0.876
2014-06-27,-0.7736
2014-07-04,-0.8454
2014-07-11,-0.7334
2014-07-18,-0.6744
2014-07-25,-0.6899
2014-08-01,-0.6532
2014-08-08,-0.4101
2014-08-15,-0.6617
2014-08-22,-0.7683
2014-08-29,-0.6548
2014-09-05,-0.726
2014-09-12,-0.657
2014-09-19,-0.6441
2014-09-26,-0.3208
2014-10-03,-0.28
2014-10-10,-0.2124
2014-10-17,0.2901
2014-10-24,-0.5236
2014-10-31,-0.5545
2014-11-07,-0.5247
2014-11-14,-0.4785
2014-11-21,-0.3023
2014-11-28,-0.3268
2014-12-05,-0.3446
2014-12-12,0.0151
2014-12-19,0.0958
2014-12-26,-0.5393
2015-01-02,-0.0453
2015-01-09,0.3196
2015-01-16,0.3011
2015-01-23,0.0034
2015-01-30,0.1019
2015-02-06,-0.2192
2015-02-13,-0.4442
2015-02-20,-0.3474
2015-02-27,-0.115
2015-03-06,-0.4009
2015-03-13,-0.1199
2015-03-20,-0.0136
2015-03-27,-0.1395
2015-04-03,-0.1655
2015-04-10,-0.3847
2015-04-17,-0.3389
2015-04-24,-0.4607
2015-05-01,-0.4889
2015-05-08,-0.5078
2015-05-15,-0.3693
2015-05-22,-0.3122
2015-05-29,-0.1122
2015-06-05,-0.3617
2015-06-12,-0.3296
2015-06-19,-0.1021
2015-06-26,-0.4067
2015-07-03,0.0971
2015-07-10,0.0552
2015-07-17,-0.4378
2015-07-24,-0.1283
2015-07-31,-0.0253
2015-08-07,-0.1017
2015-08-14,-0.0065
2015-08-21,0.2301
2015-08-28,0.6628
2015-09-04,0.2548
2015-09-11,0.1805
2015-09-18,0.185
2015-09-25,0.4933
2015-10-02,0.8005
2015-10-09,0.0455
2015-10-16,0.2133
2015-10-23,0.0083
2015-10-30,-0.0402
2015-11-06,-0.2162
2015-11-13,0.0723
2015-11-20,0.1651
2015-11-27,0.0784
2015-12-04,0.1428
2015-12-11,0.4801
2015-12-18,0.4684
2015-12-25,0.3378
2016-01-01,0.2338
2016-01-08,0.7691
2016-01-15,0.9447
2016-01-22,1.0335
2016-01-29,0.5551
2016-02-05,0.812
2016-02-12,1.4016
2016-02-19,0.4807
2016-02-26,0.5662
2016-03-04,0.1421
2016-03-11,0.2053
2016-03-18,0.1507
2016-03-25,0.1812
2016-04-01,0.4517
2016-04-08,0.387
2016-04-15,0.0466
2016-04-22,-0.1279
2016-04-29,-0.0086
2016-05-06,0.315
2016-05-13,0.1899
2016-05-20,-0.0362
2016-05-27,-0.064
2016-06-03,0.1584
2016-06-10,0.2268
2016-06-17,0.6185
2016-06-24,0.163
2016-07-01,0.7616
2016-07-08,0.2898
2016-07-15,-0.2604
2016-07-22,-0.033
2016-07-29,0.1896
2016-08-05,0.2473
2016-08-12,0.1006
2016-08-19,0.071
2016-08-26,0.1626
2016-09-02,0.1734
2016-09-09,0.1652
2016-09-16,0.2643
2016-09-23,0.256
2016-09-30,0.2762
2016-10-07,-0.1614
2016-10-14,0.0196
2016-10-21,0.0794
2016-10-28,-0.0654
2016-11-04,0.3701
2016-11-11,-0.2971
2016-11-18,-0.4193
2016-11-25,-0.2858
2016-12-02,-0.1242
2016-12-09,-0.3979
2016-12-16,-0.3821
2016-12-23,-0.2048
2016-12-30,-0.1283
2017-01-06,-0.1297
2017-01-13,-0.1838
2017-01-20,-0.2366
2017-01-27,-0.3638
2017-02-03,-0.2657
2017-02-10,-0.2165
2017-02-17,-0.4804
2017-02-24,-0.2718
2017-03-03,-0.535
2017-03-10,-0.5972
2017-03-17,-0.4611
2017-03-24,-0.173
2017-03-31,-0.454
2017-04-07,-0.4
2017-04-14,-0.2514
2017-04-21,-0.227
2017-04-28,-0.7133
2017-05-05,-0.568
2017-05-12,-0.6759
2017-05-19,-0.3784
2017-05-26,-0.6602
2017-06-02,-0.5659
2017-06-09,-0.7031
2017-06-16,-0.713
2017-06-23,-0.4561
2017-06-30,-0.6181
2017-07-07,-0.7232
2017-07-14,-0.5653
2017-07-21,-0.6322
2017-07-28,-0.7725
2017-08-04,-0.606
2017-08-11,-0.4625
2017-08-18,-0.4393
2017-08-25,-0.4562
2017-09-01,-0.5032
2017-09-08,-0.3791
2017-09-15,-0.7977
2017-09-22,-0.8158
2017-09-29,-0.707
2017-10-06,-0.7828
2017-10-13,-0.6798
2017-10-20,-0.7567
2017-10-27,-0.836
2017-11-03,-0.6533
2017-11-10,-0.6695
2017-11-17,-0.7161
2017-11-24,-0.8183
2017-12-01,-0.8167
2017-12-08,-0.7321
2017-12-15,-0.7001
2017-12-22,-0.7837
2017-12-29,-0.5638
2018-01-05,-0.7536
2018-01-12,-0.8509
2018-01-19,-0.772
2018-01-26,-0.7905
2018-02-02,-0.6674
2018-02-09,-0.0202
2018-02-16,-0.4137
2018-02-23,-0.5373
2018-03-02,-0.1865
2018-03-09,-0.2913
2018-03-16,-0.1952
2018-03-23,0.0071
2018-03-30,0.1514
2018-04-06,0.0955
2018-04-13,-0.1227
2018-04-20,-0.381
2018-04-27,-0.3581
2018-05-04,-0.173
2018-05-11,-0.4501
2018-05-18,-0.5526
2018-05-25,-0.3573
2018-06-01,0.0754
2018-06-08,-0.669
2018-06-15,-0.5133
2018-06-22,-0.4104
2018-06-29,-0.1651
2018-07-06,-0.5623
2018-07-13,-0.7972
2018-07-20,-0.8189
2018-07-27,-0.9467
2018-08-03,-0.756
2018-08-10,-0.8027
2018-08-17,-0.602
2018-08-24,-0.785
2018-08-31,-0.9018
2018-09-07,-0.812
2018-09-14,-0.9339
2018-09-21,-1.0701
2018-09-28,-0.9743
2018-10-05,-1.0656
2018-10-12,-0.6895
2018-10-19,-0.7538
2018-10-26,-0.4701
2018-11-02,-0.5549
2018-11-09,-0.8909
2018-11-16,-0.277
2018-11-23,-0.2668
2018-11-30,-0.5534
2018-12-07,-0.098
2018-12-14,-0.1197
2018-12-21,0.2455
2018-12-28,0.3447
2019-01-04,0.0654
2019-01-11,-0.5447
2019-01-18,-0.4231
2019-01-25,-0.3008
2019-02-01,-0.2354
2019-02-08,-0.3553
2019-02-15,-0.4154
2019-02-22,-0.5119
2019-03-01,-0.561
2019-03-08,-0.3626
2019-03-15,-0.4199
2019-03-22,-0.4226
2019-03-29,-0.0134
2019-04-05,-0.6483
2019-04-12,-0.5476
2019-04-19,-0.6915
2019-04-26,-0.4464
2019-05-03,-0.4943
2019-05-10,-0.1329
2019-05-17,-0.0519
2019-05-24,-0.2024
2019-05-31,0.2379
2019-06-07,0.2173
2019-06-14,-0.0816
2019-06-21,0.1732
2019-06-28,0.197
2019-07-05,-0.0937
2019-07-12,-0.1363
2019-07-19,0.1026
2019-07-26,-0.0071
2019-08-02,0.3036
2019-08-09,1.0221
2019-08-16,0.861
2019-08-23,0.4286
2019-08-30,0.4995
2019-09-06,0.3197
2019-09-13,-0.1983
2019-09-20,0.2026
2019-09-27,0.6745
2019-10-04,0.9294
2019-10-11,0.5829
2019-10-18,0.1714
2019-10-25,0.2823
2019-11-01,0.3808
2019-11-08,0.2277
2019-11-15,0.2351
2019-11-22,0.3342
2019-11-29,0.0579
2019-12-06,0.1233
2019-12-13,-0.127
2019-12-20,-0.3568
2019-12-27,-0.2111
2020-01-03,-0.1834
2020-01-10,-0.2641
2020-01-17,-0.4288
2020-01-24,-0.2341
2020-01-31,0.1302
2020-02-07,-0.344
2020-02-14,-0.3849
2020-02-21,-0.1825
2020-02-28,1.2218
2020-03-06,2.5243
2020-03-13,4.6312
2020-03-20,5.8587
2020-03-27,5.5496
2020-04-03,3.258
2020-04-10,2.3763
2020-04-17,1.941
2020-04-24,2.5004
2020-05-01,1.5226
2020-05-08,1.3711
2020-05-15,1.3247
2020-05-22,0.7759
2020-05-29,0.4137
2020-06-05,-0.0182
2020-06-12,0.3757
2020-06-19,0.5296
2020-06-26,0.5736
2020-07-03,0.4633
2020-07-10,0.239
2020-07-17,0.1947
2020-07-24,-0.0448
2020-07-31,0.0866
2020-08-07,-0.0314
2020-08-14,-0.2635
2020-08-21,0.0586
2020-08-28,-0.1644
2020-09-04,0.055
2020-09-11,0.1999
2020-09-18,-0.0071
2020-09-25,0.3932
2020-10-02,-0.0001
2020-10-09,-0.2144
2020-10-16,0.0699
2020-10-23,0.0203
2020-10-30,0.4967
2020-11-06,0.0129
2020-11-13,-0.5083
2020-11-20,-0.0264
2020-11-27,-0.2761
2020-12-04,-0.3761
2020-12-11,-0.2706
2020-12-18,-0.2207
2020-12-25,-0.2857
2021-01-01,-0.3807
2021-01-08,-0.4753
2021-01-15,-0.5013
2021-01-22,-0.3977
2021-01-29,-0.0744
2021-02-05,-0.4968
2021-02-12,-0.626
2021-02-19,-0.5775
2021-02-26,-0.3841
2021-03-05,-0.2891
2021-03-12,-0.4345
2021-03-19,-0.4609
2021-03-26,-0.3759
2021-04-02,-0.585
2021-04-09,-0.5947
2021-04-16,-0.5555
2021-04-23,-0.5114
2021-04-30,-0.6978
2021-05-07,-0.6471
2021-05-14,-0.6543
2021-05-21,-0.5613
2021-05-28,-0.6059
2021-06-04,-0.7079
2021-06-11,-0.5816
2021-06-18,-0.5986
2021-06-25,-0.6913
2021-07-02,-0.6993
2021-07-09,-0.4713
2021-07-16,-0.6971
2021-07-23,-0.3467
2021-07-30,-0.6343
2021-08-06,-0.5244
2021-08-13,-0.8612
2021-08-20,-0.4236
2021-08-27,-0.6954
2021-09-03,-0.6289
2021-09-10,-0.659
2021-09-17,-0.5463
2021-09-24,-0.4876
2021-10-01,-0.6999
2021-10-08,-0.5983
2021-10-15,-0.667
2021-10-22,-0.8945
2021-10-29,-0.6622
2021-11-05,-0.5441
2021-11-12,-0.6641
2021-11-19,-0.7014
2021-11-26,-0.4323
2021-12-03,0.0876
2021-12-10,-0.6817
2021-12-17,-0.3871
2021-12-24,-0.5209
2021-12-31,-0.7455
2022-01-07,-0.8248
2022-01-14,-0.6989
2022-01-21,-0.4623
2022-01-28,-0.2106
2022-02-04,-0.6228
2022-02-11,-0.8484
2022-02-18,-0.5454
2022-02-25,-0.3192
2022-03-04,0.0668
2022-03-11,-0.3846
2022-03-18,-0.9988
2022-03-25,-1.2614
2022-04-01,-1.033
2022-04-08,-1.1001
2022-04-15,-1.0783
2022-04-22,-1.2639
2022-04-29,-0.6584
2022-05-06,-1.0409
2022-05-13,-0.3886
2022-05-20,-0.6923
2022-05-27,-0.7593
2022-06-03,-1.3249
2022-06-10,-1.2021
2022-06-17,-1.2902
2022-06-24,-0.831
2022-07-01,-0.6494
2022-07-08,-0.7953
2022-07-15,-1.3327
2022-07-22,-1.7578
2022-07-29,-1.5087
2022-08-05,-1.8333
2022-08-12,-1.8871
2022-08-19,-1.6871
2022-08-26,-1.5301
2022-09-02,-1.4191
2022-09-09,-1.6379
2022-09-16,-1.8013
2022-09-23,-1.5356
2022-09-30,-1.1795
2022-10-07,-1.146
2022-10-14,-1.3854
2022-10-21,-1.8553
2022-10-28,-1.7057
