Date,XLF
2021-01-25,27.6260929107666
2021-01-26,27.405960083007812
2021-01-27,26.598831176757812
2021-01-28,27.094118118286133
2021-01-29,26.552968978881836
2021-02-01,26.901498794555664
2021-02-02,27.552719116210938
2021-02-03,27.708641052246094
2021-02-04,28.323165893554688
2021-02-05,28.332338333129883
2021-02-08,28.699222564697266
2021-02-09,28.708393096923828
2021-02-10,28.708393096923828
2021-02-11,28.61667251586914
2021-02-12,28.910173416137695
2021-02-16,29.40546417236328
2021-02-17,29.552221298217773
2021-02-18,29.377948760986328
2021-02-19,29.726484298706055
2021-02-22,30.00164031982422
2021-02-23,30.185081481933594
2021-02-24,30.772085189819336
2021-02-25,30.212600708007812
2021-02-26,29.6347599029541
2021-03-01,30.56113624572754
2021-03-02,30.451074600219727
2021-03-03,30.689538955688477
2021-03-04,30.34101104736328
2021-03-05,30.918846130371094
2021-03-08,31.313236236572266
2021-03-09,31.028911590576172
2021-03-10,31.661779403686523
2021-03-11,31.570049285888672
2021-03-12,31.891077041625977
2021-03-15,31.7076416015625
2021-03-16,31.3774471282959
2021-03-17,31.58839988708496
2021-03-18,31.753494262695312
2021-03-19,31.386619567871094
2021-03-22,30.982181549072266
2021-03-23,30.54918670654297
2021-03-24,30.65974235534668
2021-03-25,31.17565155029297
2021-03-26,31.663917541503906
2021-03-29,31.387540817260742
2021-03-30,31.6086483001709
2021-03-31,31.369112014770508
2021-04-01,31.756046295166016
2021-04-05,32.00479507446289
2021-04-06,31.94029426574707
2021-04-07,32.09691619873047
2021-04-08,32.10613250732422
2021-04-09,32.38251495361328
2021-04-12,32.52069854736328
2021-04-13,32.21668243408203
2021-04-14,32.4101448059082
2021-04-15,32.38251495361328
2021-04-16,32.61281967163086
2021-04-19,32.52069854736328
2021-04-20,31.912660598754883
2021-04-21,32.35487365722656
2021-04-22,31.99557876586914
2021-04-23,32.594398498535156
2021-04-26,32.72338104248047
2021-04-27,32.981327056884766
2021-04-28,33.11030960083008
2021-04-29,33.69993209838867
2021-04-30,33.40510559082031
2021-05-03,33.570945739746094
2021-05-04,33.83810806274414
2021-05-05,34.11448669433594
2021-05-06,34.621185302734375
2021-05-07,34.80543899536133
2021-05-10,34.77779769897461
2021-05-11,34.160552978515625
2021-05-12,33.810462951660156
2021-05-13,34.3540153503418
2021-05-14,34.8975715637207
2021-05-17,34.96205520629883
2021-05-18,34.47378158569336
2021-05-19,34.261878967285156
2021-05-20,34.28030776977539
2021-05-21,34.621185302734375
2021-05-24,34.78700637817383
2021-05-25,34.43693161010742
2021-05-26,34.538272857666016
2021-05-27,34.934410095214844
2021-05-28,34.998905181884766
2021-06-01,35.210792541503906
2021-06-02,35.26606369018555
2021-06-03,35.3489875793457
2021-06-04,35.44110107421875
2021-06-07,35.210792541503906
2021-06-08,35.11865997314453
2021-06-09,34.78700637817383
2021-06-10,34.381656646728516
2021-06-11,34.602760314941406
2021-06-14,34.24346160888672
2021-06-15,34.307952880859375
2021-06-16,34.271095275878906
2021-06-17,33.257713317871094
2021-06-18,32.456214904785156
2021-06-21,33.21371078491211
2021-06-22,33.26921463012695
2021-06-23,33.333946228027344
2021-06-24,33.75017166137695
2021-06-25,34.15711975097656
2021-06-28,33.907405853271484
2021-06-29,33.787166595458984
2021-06-30,33.93514633178711
2021-07-01,34.20337677001953
2021-07-02,34.1663818359375
2021-07-06,33.62992858886719
2021-07-07,33.67617416381836
2021-07-08,33.0009880065918
2021-07-09,33.953651428222656
2021-07-12,34.28661346435547
2021-07-13,33.916648864746094
2021-07-14,33.75941467285156
2021-07-15,33.87040328979492
2021-07-16,33.40795135498047
2021-07-19,32.47378158569336
2021-07-20,33.27846145629883
2021-07-21,33.85190200805664
2021-07-22,33.48194122314453
2021-07-23,33.53743362426758
2021-07-26,33.731666564941406
2021-07-27,33.722415924072266
2021-07-28,33.67617416381836
2021-07-29,34.0461311340332
2021-07-30,33.77791976928711
2021-08-02,33.787166595458984
2021-08-03,34.1663818359375
2021-08-04,33.8796501159668
2021-08-05,34.3236083984375
2021-08-06,35.017303466796875
2021-08-09,35.10979080200195
2021-08-10,35.479759216308594
2021-08-11,35.886722564697266
2021-08-12,35.95146560668945
2021-08-13,35.683250427246094
2021-08-16,35.59074020385742
2021-08-17,35.34101867675781
2021-08-18,34.906314849853516
2021-08-19,34.64733123779297
2021-08-20,34.86006546020508
2021-08-23,35.14679718017578
2021-08-24,35.3595085144043
2021-08-25,35.775726318359375
2021-08-26,35.600006103515625
2021-08-27,36.07169723510742
2021-08-30,35.56300354003906
2021-08-31,35.516754150390625
2021-09-01,35.31326675415039
2021-09-02,35.43351364135742
2021-09-03,35.21152877807617
2021-09-07,34.99880599975586
2021-09-08,34.91556167602539
2021-09-09,35.017303466796875
2021-09-10,34.758323669433594
2021-09-13,35.156036376953125
2021-09-14,34.684322357177734
2021-09-15,35.017303466796875
2021-09-16,34.91556167602539
2021-09-17,34.758323669433594
2021-09-20,33.9520149230957
2021-09-21,33.90557098388672
2021-09-22,34.47220993041992
2021-09-23,35.31752395629883
2021-09-24,35.5033073425293
2021-09-27,35.986351013183594
2021-09-28,35.391841888427734
2021-09-29,35.419708251953125
2021-09-30,34.862361907958984
2021-10-01,35.43829345703125
2021-10-04,35.131744384765625
2021-10-05,35.819149017333984
2021-10-06,35.856300354003906
2021-10-07,36.06996154785156
2021-10-08,36.2464485168457
2021-10-11,35.88417053222656
2021-10-12,35.77269744873047
2021-10-13,35.5683479309082
2021-10-14,36.1628532409668
2021-10-15,36.70162582397461
2021-10-18,36.71091079711914
2021-10-19,37.07318878173828
2021-10-20,37.370445251464844
2021-10-21,37.2125358581543
2021-10-22,37.73271942138672
2021-10-25,37.686279296875
2021-10-26,37.714141845703125
2021-10-27,37.09177017211914
2021-10-28,37.54693603515625
2021-10-29,37.3983039855957
2021-11-01,37.41688537597656
2021-11-02,37.50978469848633
2021-11-03,37.64911651611328
2021-11-04,37.15678787231445
2021-11-05,37.17536163330078
2021-11-08,37.379730224609375
2021-11-09,37.17536163330078
2021-11-10,37.110347747802734
2021-11-11,37.2125358581543
2021-11-12,37.2961311340332
2021-11-15,37.2961311340332
2021-11-16,37.258975982666016
2021-11-17,36.83167266845703
2021-11-18,36.64588928222656
2021-11-19,36.2464485168457
2021-11-22,36.75736618041992
2021-11-23,37.333282470703125
2021-11-24,37.24967956542969
2021-11-26,36.01422119140625
2021-11-29,36.12569046020508
2021-11-30,35.26179504394531
2021-12-01,34.87165451049805
2021-12-02,35.91203308105469
2021-12-03,35.32681655883789
2021-12-06,35.865596771240234
2021-12-07,36.50654983520508
2021-12-08,36.31148147583008
2021-12-09,36.23716354370117
2021-12-10,36.274322509765625
2021-12-13,35.88417053222656
2021-12-14,36.09782791137695
2021-12-15,36.200008392333984
2021-12-16,36.655181884765625
2021-12-17,35.84701156616211
2021-12-20,35.15072250366211
2021-12-21,35.87874984741211
2021-12-22,36.0467643737793
2021-12-23,36.23343276977539
2021-12-27,36.60678482055664
2021-12-28,36.62544631958008
2021-12-29,36.57878112792969
2021-12-30,36.5134391784668
2021-12-31,36.4481086730957
2022-01-03,36.89612579345703
2022-01-04,37.8668327331543
2022-01-05,37.428138732910156
2022-01-06,37.97882843017578
2022-01-07,38.42684555053711
2022-01-10,38.29617691040039
2022-01-11,38.63218688964844
2022-01-12,38.66019821166992
2022-01-13,38.51084518432617
2022-01-14,38.1095085144043
2022-01-18,37.260135650634766
2022-01-19,36.63478088378906
2022-01-20,36.40143585205078
2022-01-21,35.654747009277344
2022-01-24,35.75741958618164
2022-01-25,35.90675354003906
2022-01-26,36.000099182128906
2022-01-27,35.67341232299805
2022-01-28,36.14009094238281
2022-01-31,36.45743942260742
2022-02-01,36.961456298828125
2022-02-02,37.21348190307617
2022-02-03,36.80278778076172
2022-02-04,37.428138732910156
2022-02-07,37.54014587402344
2022-02-08,38.062835693359375
2022-02-09,38.30550765991211
2022-02-10,37.969505310058594
2022-02-11,37.43748474121094
2022-02-14,37.017459869384766
2022-02-15,37.521484375
2022-02-16,37.549476623535156
2022-02-17,36.61611557006836
2022-02-18,36.60678482055664
2022-02-22,36.420101165771484
2022-02-23,35.7854118347168
2022-02-24,35.3560676574707
2022-02-25,36.494773864746094
2022-02-28,35.95342254638672
2022-03-01,34.628028869628906
2022-03-02,35.52406692504883
2022-03-03,35.41206359863281
2022-03-04,34.74937438964844
2022-03-07,33.4799919128418
2022-03-08,33.28398132324219
2022-03-09,34.50669479370117
2022-03-10,34.217350006103516
2022-03-11,33.97467803955078
2022-03-14,34.404029846191406
2022-03-15,34.889373779296875
2022-03-16,35.869415283203125
2022-03-17,36.31743240356445
2022-03-18,36.40143585205078
2022-03-21,36.3658447265625
2022-03-22,36.956153869628906
2022-03-23,36.272125244140625
2022-03-24,36.562599182128906
2022-03-25,37.03112030029297
2022-03-28,36.92804718017578
2022-03-29,37.01237487792969
2022-03-30,36.75001525878906
2022-03-31,35.90668869018555
2022-04-01,35.812992095947266
2022-04-04,35.6536979675293
2022-04-05,35.42881774902344
2022-04-06,35.185184478759766
2022-04-07,35.1476936340332
2022-04-08,35.50376892089844
2022-04-11,35.344478607177734
2022-04-12,34.960296630859375
2022-04-13,34.960296630859375
2022-04-14,34.56675338745117
2022-04-18,34.77289581298828
2022-04-19,35.25077438354492
2022-04-20,35.49440002441406
2022-04-21,34.93218994140625
2022-04-22,33.892093658447266
2022-04-25,33.94831848144531
2022-04-26,33.09563064575195
2022-04-27,33.06752014160156
2022-04-28,33.489173889160156
2022-04-29,32.33662796020508
2022-05-02,32.34600830078125
2022-05-03,32.76766586303711
2022-05-04,33.77028274536133
2022-05-05,32.78640365600586
2022-05-06,32.55215835571289
2022-05-09,31.7744197845459
2022-05-10,31.493316650390625
2022-05-11,31.202842712402344
2022-05-12,30.968578338623047
2022-05-13,31.418354034423828
2022-05-16,31.155986785888672
2022-05-17,31.98993682861328
2022-05-18,31.1091365814209
2022-05-19,30.902992248535156
2022-05-20,30.846769332885742
2022-05-23,31.849384307861328
2022-05-24,31.783788681030273
2022-05-25,32.03678894042969
2022-05-26,32.77703857421875
2022-05-27,33.32987976074219
2022-05-31,33.236175537109375
2022-06-01,32.702064514160156
2022-06-02,33.15184783935547
2022-06-03,32.67396926879883
2022-06-06,32.76766586303711
2022-06-07,33.020668029785156
2022-06-08,32.4397087097168
2022-06-09,31.624500274658203
2022-06-10,30.481332778930664
2022-06-13,29.572420120239258
2022-06-14,29.319427490234375
2022-06-15,29.647380828857422
2022-06-16,28.89776039123535
2022-06-17,28.982097625732422
2022-06-21,29.56049156188965
2022-06-22,29.494552612304688
2022-06-23,29.381515502929688
2022-06-24,30.464832305908203
2022-06-27,30.361207962036133
2022-06-28,30.059764862060547
2022-06-29,29.890199661254883
2022-06-30,29.62643814086914
2022-07-01,30.0314998626709
2022-07-05,29.92788314819336
2022-07-06,29.852519989013672
2022-07-07,30.28584861755371
2022-07-08,30.219913482666016
2022-07-11,29.97498321533203
2022-07-12,29.786575317382812
2022-07-13,29.522815704345703
2022-07-14,28.95760154724121
2022-07-15,29.937299728393555
2022-07-18,29.824260711669922
2022-07-19,30.719175338745117
2022-07-20,30.832212448120117
2022-07-21,31.030040740966797
2022-07-22,30.85106086730957
2022-07-25,31.04888343811035
2022-07-26,30.615550994873047
2022-07-27,31.086559295654297
2022-07-28,31.312646865844727
2022-07-29,31.75539779663086
2022-08-01,31.49162483215332
2022-08-02,31.143085479736328
2022-08-03,31.614097595214844
2022-08-04,31.510465621948242
2022-08-05,31.736555099487305
2022-08-08,31.717708587646484
2022-08-09,31.87785530090332
2022-08-10,32.593788146972656
2022-08-11,32.980018615722656
2022-08-12,33.498130798339844
2022-08-15,33.488704681396484
2022-08-16,33.7336311340332
2022-08-17,33.56407165527344
2022-08-18,33.601741790771484
2022-08-19,32.93291091918945
2022-08-22,32.20756530761719
2022-08-23,32.07568359375
2022-08-24,32.24524688720703
2022-08-25,32.74451446533203
2022-08-26,31.76482391357422
2022-08-29,31.53873062133789
2022-08-30,31.369169235229492
2022-08-31,31.133665084838867
2022-09-01,31.227869033813477
2022-09-02,30.98294448852539
2022-09-06,30.907581329345703
2022-09-07,31.51988983154297
2022-09-08,32.07568359375
2022-09-09,32.367706298828125
2022-09-12,32.6314697265625
2022-09-13,31.416271209716797
2022-09-14,31.322065353393555
2022-09-15,31.425683975219727
2022-09-16,31.143085479736328
2022-09-19,31.49630355834961
2022-09-20,31.032289505004883
2022-09-21,30.38834571838379
2022-09-22,29.87697982788086
2022-09-23,29.40349006652832
2022-09-26,28.93947982788086
2022-09-27,28.81637191772461
2022-09-28,29.38456153869629
2022-09-29,29.015235900878906
2022-09-30,28.750083923339844
2022-10-03,29.526607513427734
2022-10-04,30.625091552734375
2022-10-05,30.38834571838379
2022-10-06,29.962207794189453
2022-10-07,29.251981735229492
2022-10-10,29.119403839111328
2022-10-11,28.750083923339844
2022-10-12,28.68379783630371
2022-10-13,29.86751365661621
2022-10-14,29.365617752075195
2022-10-17,30.1042537689209
2022-10-18,30.587207794189453
2022-10-19,30.085317611694336
2022-10-20,29.60235595703125
2022-10-21,30.483043670654297
2022-10-24,30.890235900878906
2022-10-25,31.259559631347656
2022-10-26,31.33531951904297
2022-10-27,31.59099769592285
2022-10-28,32.376991271972656
2022-10-31,32.178123474121094
2022-11-01,32.26335525512695
2022-11-02,31.85614585876465
2022-11-03,31.5341854095459
2022-11-04,32.11183547973633
2022-11-07,32.43381118774414
2022-11-08,32.62320327758789
2022-11-09,32.07395553588867
2022-11-10,33.69328689575195
2022-11-11,33.96790313720703
2022-11-14,33.48495101928711
2022-11-15,33.560699462890625
2022-11-16,33.39971923828125
2022-11-17,33.21980285644531
2022-11-18,33.49441909790039
2022-11-21,33.598575592041016
2022-11-22,33.93948745727539
2022-11-23,34.081539154052734
2022-11-25,34.19517517089844
2022-11-28,33.608055114746094
2022-11-29,33.80691909790039
2022-11-30,34.38457107543945
2022-12-01,34.18570327758789
2022-12-02,34.02472686767578
2022-12-05,33.18191909790039
2022-12-06,32.88835525512695
2022-12-07,32.755775451660156
2022-12-08,32.78418731689453
2022-12-09,32.69895935058594
2022-12-12,33.13457107543945
2022-12-13,33.21980285644531
2022-12-14,32.80312728881836
2022-12-15,32.159183502197266
2022-12-16,31.912975311279297
2022-12-19,31.827211380004883
2022-12-20,31.960617065429688
2022-12-21,32.45612716674805
2022-12-22,32.17025375366211
2022-12-23,32.351314544677734
2022-12-27,32.341773986816406
2022-12-28,32.22743606567383
2022-12-29,32.67530059814453
2022-12-30,32.589542388916016
2023-01-03,32.70389175415039
2023-01-04,33.22798538208008
2023-01-05,32.9802360534668
2023-01-06,33.7139778137207
2023-01-09,33.59009552001953
2023-01-10,33.78068161010742
2023-01-11,34.09514236450195
2023-01-12,34.16183853149414
2023-01-13,34.41912841796875
2023-01-17,34.19043731689453
2023-01-18,33.55198287963867
2023-01-19,33.16128921508789
2023-01-20,33.68538284301758
2023-01-23,34.076080322265625
2023-01-24,34.09514236450195
2023-01-25,34.36195373535156
2023-01-26,34.543006896972656
2023-01-27,34.543006896972656
2023-01-30,34.37147521972656
2023-01-31,34.83840560913086
2023-02-01,34.83840560913086
2023-02-02,34.9337043762207
2023-02-03,34.86699295043945
2023-02-06,34.85747146606445
2023-02-07,35.2576904296875
2023-02-08,35.04804611206055
2023-02-09,34.65735626220703
2023-02-10,34.77170944213867
2023-02-13,35.17192459106445
2023-02-14,34.981346130371094
2023-02-15,35.01945877075195
2023-02-16,34.66688537597656
2023-02-17,34.67641067504883
2023-02-21,33.961727142333984
2023-02-22,33.923606872558594
2023-02-23,33.95220184326172
2023-02-24,33.98078155517578
2023-02-27,33.97126007080078
2023-02-28,34.0379638671875
2023-03-01,33.923606872558594
2023-03-02,33.76162338256836
2023-03-03,34.295257568359375
2023-03-06,34.32383728027344
2023-03-07,33.437625885009766
2023-03-08,33.31374740600586
2023-03-09,31.960617065429688
2023-03-10,31.379350662231445
2023-03-13,30.14055633544922
2023-03-14,30.75042152404785
2023-03-15,29.93091583251953
2023-03-16,30.50265884399414
2023-03-17,29.52116584777832
2023-03-20,29.849637985229492
2023-03-21,30.60617446899414
2023-03-22,29.89751625061035
2023-03-23,29.696414947509766
2023-03-24,29.677261352539062
2023-03-27,30.089046478271484
2023-03-28,30.0794677734375
2023-03-29,30.51998519897461
2023-03-30,30.45294761657715
2023-03-31,30.78812599182129
2023-04-03,30.8455810546875
2023-04-04,30.55828857421875
2023-04-05,30.51998519897461
2023-04-06,30.63490104675293
2023-04-10,30.701936721801758
2023-04-11,30.970075607299805
2023-04-12,30.903039932250977
2023-04-13,31.180761337280273
2023-04-14,31.487201690673828
2023-04-17,31.851104736328125
2023-04-18,31.94686508178711
2023-04-19,32.02347183227539
2023-04-20,31.92771339416504
2023-04-21,31.812801361083984
2023-04-24,31.73618507385254
2023-04-25,31.190332412719727
2023-04-26,30.893463134765625
2023-04-27,31.391437530517578
2023-04-28,31.764921188354492
2023-05-01,31.678735733032227
2023-05-02,30.96050453186035
2023-05-03,30.60617446899414
2023-05-04,30.21354103088379
2023-05-05,30.96050453186035
2023-05-08,31.008378982543945
2023-05-09,30.893463134765625
2023-05-10,30.721094131469727
2023-05-11,30.673206329345703
2023-05-12,30.54871368408203
2023-05-15,30.797700881958008
2023-05-16,30.510412216186523
2023-05-17,31.123294830322266
2023-05-18,31.353134155273438
2023-05-19,31.219058990478516
2023-05-22,31.276521682739258
2023-05-23,30.912614822387695
2023-05-24,30.510412216186523
2023-05-25,30.500835418701172
2023-05-26,30.749820709228516
2023-05-30,30.7402400970459
2023-05-31,30.414642333984375
2023-06-01,30.7402400970459
2023-06-02,31.41058921813965
2023-06-05,31.2477970123291
2023-06-06,31.640426635742188
2023-06-07,31.764921188354492
2023-06-08,31.73618507385254
2023-06-09,31.745765686035156
2023-06-12,31.73618507385254
2023-06-13,31.92771339416504
2023-06-14,31.803218841552734
2023-06-15,32.22458267211914
2023-06-16,32.15754699707031
2023-06-20,31.91706657409668
2023-06-21,31.87858772277832
2023-06-22,31.62848472595215
2023-06-23,31.49381446838379
2023-06-26,31.426477432250977
2023-06-27,31.67658805847168
2023-06-28,31.599624633789062
2023-06-29,32.147926330566406
2023-06-30,32.42689514160156
2023-07-03,32.60966873168945
2023-07-05,32.54233169555664
2023-07-06,32.263362884521484
2023-07-07,32.311466217041016
2023-07-10,32.45574951171875
2023-07-11,32.84052658081055
2023-07-12,33.052146911621094
2023-07-13,33.167579650878906
2023-07-14,32.94633865356445
2023-07-17,33.26377868652344
2023-07-18,33.63894271850586
2023-07-19,33.78322219848633
2023-07-20,34.033329010009766
2023-07-21,33.91789627075195
2023-07-24,34.24494552612305
2023-07-25,34.023712158203125
2023-07-26,34.22572326660156
2023-07-27,33.79283905029297
2023-07-28,33.860172271728516
2023-07-31,33.9852294921875
2023-08-01,33.9852294921875
2023-08-02,33.6966438293457
2023-08-03,33.71588134765625
2023-08-04,33.58121871948242
2023-08-07,34.05256271362305
2023-08-08,33.7447509765625
2023-08-09,33.49464416503906
2023-08-10,33.52349853515625
2023-08-11,33.59082794189453
2023-08-14,33.52349853515625
2023-08-15,32.90786361694336
2023-08-16,32.859764099121094
2023-08-17,32.69623565673828
2023-08-18,32.686614990234375
2023-08-21,32.64813232421875
2023-08-22,32.34031677246094
2023-08-23,32.65775680541992
2023-08-24,32.54233169555664
2023-08-25,32.69623565673828
2023-08-28,32.878997802734375
2023-08-29,33.17720413208008
2023-08-30,33.196434020996094
2023-08-31,33.071388244628906
2023-09-01,33.36958694458008
2023-09-05,33.03291320800781
2023-09-06,33.013675689697266
2023-09-07,32.92710494995117
2023-09-08,32.99443054199219
2023-09-11,33.14834213256836
2023-09-12,33.36958694458008
2023-09-13,33.36958694458008
2023-09-14,33.677406311035156
2023-09-15,33.5042610168457
2023-09-18,33.5960578918457
2023-09-19,33.557411193847656
2023-09-20,33.32550811767578
2023-09-21,32.77474594116211
2023-09-22,32.52352523803711
2023-09-25,32.600830078125
2023-09-26,32.1660270690918
2023-09-27,32.11771011352539
2023-09-28,32.349613189697266
2023-09-29,32.05007553100586
2023-10-02,31.77953338623047
2023-10-03,31.27708625793457
2023-10-04,31.508981704711914
2023-10-05,31.65392303466797
2023-10-06,31.924461364746094
2023-10-09,31.943798065185547
2023-10-10,32.175689697265625
2023-10-11,32.2239990234375
2023-10-12,32.02109146118164
2023-10-13,32.088722229003906
2023-10-16,32.426910400390625
2023-10-17,32.58150863647461
2023-10-18,32.02109146118164
2023-10-19,31.595945358276367
2023-10-20,31.112823486328125
2023-10-23,30.91957664489746
2023-10-24,31.132150650024414
2023-10-25,31.01620101928711
2023-10-26,30.948564529418945
2023-10-27,30.38814926147461
2023-10-30,30.92923927307129
2023-10-31,31.267423629760742
2023-11-01,31.4703369140625
2023-11-02,32.21433639526367
2023-11-03,32.63948059082031
2023-11-06,32.54285430908203
2023-11-07,32.49454116821289
2023-11-08,32.5331916809082
2023-11-09,32.39791488647461
2023-11-10,32.76509475708008
2023-11-13,32.71678161621094
2023-11-14,33.335166931152344
2023-11-15,33.51875305175781
2023-11-16,33.65402603149414
2023-11-17,33.827945709228516
2023-11-20,33.96323013305664
2023-11-21,33.94390106201172
2023-11-22,34.07917785644531
2023-11-24,34.18546676635742
2023-11-27,34.06950378417969
2023-11-28,34.059852600097656
2023-11-29,34.30141067504883
2023-11-30,34.687904357910156
2023-12-01,34.948787689208984
2023-12-04,34.91013717651367
2023-12-05,34.7362174987793
2023-12-06,34.562294006347656
2023-12-07,34.72654724121094
2023-12-08,34.91013717651367
2023-12-11,35.122703552246094
2023-12-12,35.373931884765625
2023-12-13,35.944007873535156
2023-12-14,36.301517486572266
2023-12-15,36.08893966674805
2023-12-18,36.2093505859375
2023-12-19,36.481239318847656
2023-12-20,35.830657958984375
2023-12-21,36.18022155761719
2023-12-22,36.25790023803711
2023-12-26,36.403560638427734
2023-12-27,36.520076751708984
2023-12-28,36.626888275146484
2023-12-29,36.5103645324707
2024-01-02,36.66572952270508
2024-01-03,36.355003356933594
2024-01-04,36.50065231323242
2024-01-05,36.6560173034668
2024-01-08,36.88907241821289
2024-01-09,36.6560173034668
2024-01-10,36.71428298950195
2024-01-11,36.578338623046875
2024-01-12,36.5103645324707
2024-01-16,36.25790023803711
2024-01-17,36.18993377685547
2024-01-18,36.248191833496094
2024-01-19,36.830806732177734
2024-01-22,37.00558853149414
2024-01-23,37.063846588134766
2024-01-24,37.209503173828125
2024-01-25,37.39399719238281
2024-01-26,37.529937744140625
2024-01-29,37.627044677734375
2024-01-30,38.102848052978516
2024-01-31,37.636749267578125
2024-02-01,37.69501876831055
2024-02-02,37.850372314453125
2024-02-05,37.627044677734375
2024-02-06,37.70472717285156
2024-02-07,37.98632049560547
2024-02-08,37.84067153930664
2024-02-09,37.94748306274414
2024-02-12,38.122257232666016
2024-02-13,37.60762405395508
2024-02-14,37.96689987182617
2024-02-15,38.61748504638672
2024-02-16,38.481544494628906
2024-02-20,38.374725341796875
2024-02-21,38.49125671386719
2024-02-22,38.93791198730469
2024-02-23,39.13212203979492
2024-02-26,38.93791198730469
2024-02-27,39.04472732543945
2024-02-28,39.19038772583008
2024-02-29,39.17095947265625
2024-03-01,39.12241744995117
2024-03-04,39.21951675415039
2024-03-05,39.229225158691406
2024-03-06,39.433143615722656
2024-03-07,39.374881744384766
2024-03-08,39.442848205566406
2024-03-11,39.51081466674805
2024-03-12,39.6758918762207
2024-03-13,39.96719741821289
2024-03-14,39.64677047729492
2024-03-15,39.60792922973633
2024-03-18,39.835018157958984
2024-03-19,40.02995681762695
2024-03-20,40.50755310058594
2024-03-21,40.83893966674805
2024-03-22,40.37109375
2024-03-25,40.21514129638672
2024-03-26,40.35160827636719
2024-03-27,40.82919692993164
2024-03-28,41.053367614746094
2024-04-01,40.82919692993164
2024-04-02,40.61476516723633
2024-04-03,40.59527587890625
2024-04-04,40.13717269897461
2024-04-05,40.51729965209961
2024-04-08,40.69274139404297
2024-04-09,40.45881652832031
2024-04-10,39.85451889038086
2024-04-11,39.571861267089844
2024-04-12,39.04553985595703
2024-04-15,38.85060501098633
2024-04-16,38.58743667602539
2024-04-17,38.68490219116211
2024-04-18,38.82136535644531
2024-04-19,39.35742950439453
2024-04-22,39.835018157958984
2024-04-23,40.08843994140625
2024-04-24,40.07868957519531
2024-04-25,39.84477615356445
2024-04-26,39.78628921508789
2024-04-29,39.72780227661133
2024-04-30,39.33793640136719
2024-05-01,39.33793640136719
2024-05-02,39.43540573120117
2024-05-03,39.52312469482422
2024-05-06,40.02995681762695
2024-05-07,40.16641616821289
2024-05-08,40.31261444091797
2024-05-09,40.61476516723633
2024-05-10,40.770713806152344
2024-05-13,40.605018615722656
2024-05-14,40.80970001220703
2024-05-15,41.11185073852539
2024-05-16,41.11185073852539
2024-05-17,41.41400146484375
2024-05-20,40.848690032958984
2024-05-21,41.11185073852539
2024-05-22,40.877925872802734
2024-05-23,40.31261444091797
2024-05-24,40.55628204345703
2024-05-28,40.107933044433594
2024-05-29,39.78628921508789
2024-05-30,40.00071334838867
2024-05-31,40.58552169799805
2024-06-03,40.33210754394531
2024-06-04,40.14691925048828
2024-06-05,40.26388168334961
2024-06-06,40.244384765625
2024-06-07,40.42957305908203
2024-06-10,40.273624420166016
2024-06-11,39.81552505493164
2024-06-12,39.776546478271484
2024-06-13,39.74729537963867
2024-06-14,39.6205940246582
2024-06-17,39.97147750854492
2024-06-18,40.22489547729492
2024-06-20,40.439327239990234
2024-06-21,40.28337478637695
2024-06-24,40.697296142578125
2024-06-25,40.393951416015625
2024-06-26,40.139530181884766
2024-06-27,40.09060287475586
2024-06-28,40.227603912353516
2024-07-01,40.31566619873047
2024-07-02,40.785362243652344
2024-07-03,40.65814971923828
2024-07-05,40.64836883544922
2024-07-08,40.54072952270508
2024-07-09,40.85386276245117
2024-07-10,41.01042556762695
2024-07-11,41.333343505859375
2024-07-12,41.4703369140625
2024-07-15,42.0770263671875
2024-07-16,42.55651092529297
2024-07-17,42.879432678222656
2024-07-18,42.360809326171875
2024-07-19,41.93024444580078
2024-07-22,42.165096282958984
2024-07-23,42.243377685546875
2024-07-24,41.66604232788086
2024-07-25,41.822608947753906
2024-07-26,42.47822952270508
2024-07-29,42.41951370239258
2024-07-30,42.908782958984375
2024-07-31,42.8011474609375
2024-08-01,42.194454193115234
2024-08-02,41.15721130371094
2024-08-05,39.96339416503906
2024-08-06,40.60922622680664
2024-08-07,40.65814971923828
2024-08-08,41.31377029418945
2024-08-09,41.48991012573242
2024-08-12,41.27463150024414
2024-08-13,41.61711502075195
2024-08-14,42.12595748901367
2024-08-15,42.517372131347656
2024-08-16,42.830501556396484
2024-08-19,43.06534957885742
2024-08-20,42.9283561706543
2024-08-21,42.85986328125
2024-08-22,43.104488372802734
2024-08-23,43.47633743286133
2024-08-26,43.61333084106445
2024-08-27,43.83839797973633
2024-08-28,43.9460334777832
2024-08-29,44.33744812011719
2024-08-30,44.75822067260742
2024-09-03,44.425514221191406
2024-09-04,44.47444152832031
2024-09-05,43.98517608642578
2024-09-06,43.33934783935547
2024-09-09,43.98517608642578
2024-09-10,43.5350456237793
2024-09-11,43.32955551147461
2024-09-12,43.42741012573242
2024-09-13,43.55461883544922
2024-09-16,44.12217330932617
2024-09-17,44.357017517089844
2024-09-18,44.22002029418945
2024-09-19,44.709285736083984
2024-09-20,44.679931640625
2024-09-23,44.62591552734375
2024-09-24,44.25273132324219
2024-09-25,43.98756408691406
2024-09-26,44.213443756103516
2024-09-27,44.34111785888672
2024-09-30,44.5080680847168
2024-10-01,44.27237319946289
2024-10-02,44.321475982666016
2024-10-03,44.08577346801758
2024-10-04,44.832157135009766
2024-10-07,44.282188415527344
2024-10-08,44.53752899169922
2024-10-09,44.95000457763672
2024-10-10,44.81251525878906
2024-10-11,45.67675018310547
2024-10-14,45.961551666259766
2024-10-15,46.05976867675781
2024-10-16,46.62937545776367
2024-10-17,46.757041931152344
2024-10-18,46.76686477661133
2024-10-21,46.39366912841797
2024-10-22,46.30528259277344
2024-10-23,46.26600646972656
2024-10-24,46.30528259277344
2024-10-25,45.79460144042969
2024-10-28,46.36420822143555
2024-10-29,46.079402923583984
2024-10-30,46.28564453125
2024-10-31,45.64728927612305
2024-11-01,45.804420471191406
2024-11-04,45.450870513916016
2024-11-05,45.873165130615234
2024-11-06,48.66228485107422
2024-11-07,47.87661361694336
2024-11-08,48.308738708496094
2024-11-11,48.99619674682617
2024-11-12,48.848880767822266
2024-11-13,48.87834548950195
2024-11-14,48.750675201416016
2024-11-15,48.97655487060547
2024-11-18,49.12386703491211
2024-11-19,48.79977035522461
2024-11-20,48.6524658203125
2024-11-21,49.271175384521484
2024-11-22,49.821144104003906
2024-11-25,50.14523696899414
2024-11-26,50.243438720703125
2024-11-27,50.341651916503906
2024-11-29,50.42021942138672
2024-12-02,49.91935348510742
2024-12-03,49.54616165161133
2024-12-04,49.359561920166016
2024-12-05,49.50688171386719
2024-12-06,49.4970588684082
2024-12-09,48.819419860839844
2024-12-10,48.809600830078125
2024-12-11,48.907806396484375
2024-12-12,48.69175338745117
2024-12-13,48.6524658203125
2024-12-16,48.56407928466797
2024-12-17,48.22034454345703
2024-12-18,46.77668762207031
2024-12-19,46.943634033203125
2024-12-20,47.64091873168945
2024-12-23,47.75532531738281
2024-12-24,48.317501068115234
2024-12-26,48.43585205078125
2024-12-27,48.08079147338867
2024-12-30,47.61724853515625
2024-12-31,47.66656494140625
2025-01-02,47.54821014404297
2025-01-03,47.92299270629883
2025-01-06,47.77505111694336
2025-01-07,47.66656494140625
2025-01-08,47.82436752319336
2025-01-10,46.67042541503906
2025-01-13,47.00575637817383
2025-01-14,47.5876579284668
2025-01-15,48.80077362060547
2025-01-16,49.126243591308594
2025-01-17,49.54047775268555
2025-01-21,49.954715728759766
2025-01-22,49.71800994873047
2025-01-23,50.004032135009766
2025-01-24,50.1519660949707
2025-01-27,50.704280853271484
2025-01-28,50.615516662597656
2025-01-29,50.57606506347656
2025-01-30,51.05933380126953
2025-01-31,50.763458251953125
2025-02-03,50.556339263916016
2025-02-04,50.437984466552734
2025-02-05,50.97057342529297
2025-02-06,51.39467239379883
2025-02-07,51.1086540222168
2025-02-10,50.704280853271484
2025-02-11,50.832496643066406
2025-02-12,50.654972076416016
2025-02-13,50.99029541015625
2025-02-14,51.08892822265625
2025-02-18,51.45384979248047
2025-02-19,51.47357177734375
2025-02-20,50.68455505371094
2025-02-21,50.053340911865234
2025-02-24,50.270320892333984
2025-02-25,50.260459899902344
2025-02-26,50.1519660949707
2025-02-27,50.428131103515625
2025-02-28,51.46371078491211
2025-03-03,51.029754638671875
2025-03-04,49.23473358154297
2025-03-05,49.520751953125
2025-03-06,48.7021484375
2025-03-07,48.44572067260742
2025-03-10,47.360816955566406
2025-03-11,46.956443786621094
2025-03-12,47.025482177734375
2025-03-13,46.7690544128418
2025-03-14,47.85395050048828
2025-03-17,48.41613006591797
2025-03-18,48.35694885253906
2025-03-19,48.88954162597656
2025-03-20,48.958580017089844
2025-03-21,48.781044006347656
2025-03-24,49.641231536865234
2025-03-25,49.918392181396484
2025-03-26,49.76991653442383
2025-03-27,49.670928955078125
2025-03-28,48.71076965332031
2025-03-31,49.304683685302734
2025-04-01,49.24528884887695
2025-04-02,49.65113067626953
2025-04-03,47.2061882019043
2025-04-04,43.7515983581543
2025-04-07,43.6427116394043
2025-04-08,43.47443389892578
2025-04-09,46.7508544921875
2025-04-10,45.444244384765625
2025-04-11,46.196537017822266
2025-04-14,46.67166519165039
2025-04-15,46.79045104980469
2025-04-16,46.05795669555664
2025-04-17,46.17674255371094
2025-04-21,45.186885833740234
2025-04-22,46.68156433105469
2025-04-23,47.23588562011719
2025-04-24,47.7605094909668
2025-04-25,47.53284454345703
2025-04-28,47.68131637573242
2025-04-29,48.17625045776367
2025-04-30,48.26533126831055
2025-05-01,48.25543212890625
2025-05-02,49.255184173583984
2025-05-05,48.938438415527344
2025-05-06,48.661277770996094
2025-05-07,48.948333740234375
2025-05-08,49.35417556762695
2025-05-09,49.35417556762695
2025-05-12,50.35392761230469
2025-05-13,50.561798095703125
2025-05-14,50.4232177734375
2025-05-15,50.759769439697266
2025-05-16,51.066627502441406
2025-05-19,51.096317291259766
2025-05-20,50.81916046142578
2025-05-21,49.77981185913086
2025-05-22,49.72041702270508
2025-05-23,49.5422477722168
2025-05-27,50.4133186340332
2025-05-28,50.0767707824707
2025-05-29,50.334129333496094
2025-05-30,50.443016052246094
2025-06-02,50.46281051635742
2025-06-03,50.561798095703125
2025-06-04,50.27473831176758
2025-06-05,50.13616180419922
2025-06-06,50.759769439697266
2025-06-09,50.482608795166016
2025-06-10,50.54199981689453
2025-06-11,50.482608795166016
2025-06-12,50.482608795166016
2025-06-13,49.45315933227539
2025-06-16,50.01737594604492
2025-06-17,49.73031997680664
2025-06-18,49.71052169799805
2025-06-20,49.84910583496094
2025-06-23,50.476837158203125
2025-06-24,51.23170471191406
2025-06-25,51.06285095214844
2025-06-26,51.440284729003906
2025-06-27,51.589271545410156
2025-06-30,52.01636505126953
2025-07-01,52.304412841796875
2025-07-02,52.264678955078125
2025-07-03,52.83082962036133
2025-07-07,52.32427215576172
2025-07-08,51.857444763183594
2025-07-09,52.046165466308594
2025-07-10,52.35407257080078
2025-07-11,51.80778503417969
2025-07-14,52.195152282714844
2025-07-15,51.301231384277344
2025-07-16,51.65879821777344
2025-07-17,52.15542221069336
2025-07-18,52.185218811035156
2025-07-21,52.036231994628906
2025-07-22,52.32427215576172
2025-07-23,52.74143600463867
2025-07-24,52.711639404296875
2025-07-25,53.079139709472656
2025-07-28,52.711639404296875
2025-07-29,52.44346618652344
2025-07-30,52.344139099121094
2025-07-31,52.01636505126953
2025-08-01,51.052921295166016
2025-08-04,51.559471130371094
2025-08-05,51.35089111328125
2025-08-06,51.599205017089844
2025-08-07,51.02311706542969
2025-08-08,51.4998779296875
2025-08-11,51.48001480102539
2025-08-12,52.10575866699219
2025-08-13,52.40373229980469
2025-08-14,52.65204620361328
2025-08-15,52.10575866699219
2025-08-18,52.14549255371094
2025-08-19,52.24481201171875
2025-08-20,52.51299285888672
2025-08-21,52.344139099121094
2025-08-22,53.20826721191406
2025-08-25,52.90035629272461
2025-08-26,53.307586669921875
2025-08-27,53.416847229003906
2025-08-28,53.48637390136719
2025-08-29,53.625431060791016
2025-09-02,53.228126525878906
2025-09-03,53.13874053955078
2025-09-04,53.6949577331543
2025-09-05,52.711639404296875
2025-09-08,52.751373291015625
2025-09-09,52.979820251464844
2025-09-10,52.80103302001953
2025-09-11,53.665157318115234
2025-09-12,53.436710357666016
2025-09-15,53.31752014160156
2025-09-16,53.198333740234375
2025-09-17,53.714820861816406
2025-09-18,53.76448440551758
2025-09-19,53.88367462158203
2025-09-22,53.81192398071289
2025-09-23,53.572757720947266
2025-09-24,53.423282623291016
2025-09-25,53.28377151489258
2025-09-26,53.67241287231445
2025-09-29,53.941471099853516
2025-09-30,53.682376861572266
2025-10-01,53.20404815673828
2025-10-02,53.164188385009766
2025-10-03,53.532901763916016
2025-10-06,53.512969970703125
2025-10-07,53.582725524902344
2025-10-08,53.323631286621094
2025-10-09,53.13429260253906
2025-10-10,51.97833251953125
2025-10-13,52.476593017578125
2025-10-14,53.05457305908203
2025-10-15,53.05457305908203
2025-10-16,51.5797233581543
2025-10-17,51.99826431274414
2025-10-20,52.60614013671875
2025-10-21,52.546348571777344
2025-10-22,52.24739456176758
2025-10-23,52.35700988769531
2025-10-24,52.925025939941406
2025-10-27,53.14426040649414
2025-10-28,52.805442810058594
2025-10-29,51.90857696533203
2025-10-30,52.04808807373047
2025-10-31,52.187599182128906
2025-11-03,51.96836853027344
2025-11-04,52.2374267578125
2025-11-05,52.41679763793945
2025-11-06,52.22746276855469
2025-11-07,52.59617233276367
2025-11-10,52.78551483154297
2025-11-11,53.02467346191406
2025-11-12,53.483070373535156
2025-11-13,52.795475006103516
2025-11-14,52.2673225402832
2025-11-17,51.27080535888672
2025-11-18,51.19108200073242
2025-11-19,51.38042449951172
2025-11-20,50.93199157714844
2025-11-21,51.49003601074219
2025-11-24,51.70927429199219
2025-11-25,52.35700988769531
2025-11-26,52.76558303833008
2025-11-28,53.14426040649414
2025-12-01,52.70579147338867
2025-12-02,52.65596389770508
2025-12-03,53.36349105834961
2025-12-04,53.47311019897461
2025-12-05,53.493038177490234
2025-12-08,53.29373550415039
2025-12-09,53.09443283081055
2025-12-10,53.702308654785156
2025-12-11,54.67889404296875
2025-12-12,54.75861740112305
2025-12-15,54.79847717285156
2025-12-16,54.4496955871582
2025-12-17,54.43973159790039
2025-12-18,54.35004425048828
2025-12-19,54.64899826049805
2025-12-22,55.31999969482422
2025-12-23,55.43000030517578
2025-12-24,55.72999954223633
2025-12-26,55.619998931884766
2025-12-29,55.31999969482422
2025-12-30,55.18000030517578
2025-12-31,54.77000045776367
2026-01-02,54.93000030517578
2026-01-05,56.130001068115234
2026-01-06,56.400001525878906
2026-01-07,55.61000061035156
2026-01-08,55.900001525878906
2026-01-09,55.72999954223633
2026-01-12,55.290000915527344
2026-01-13,54.22999954223633
2026-01-14,54.150001525878906
2026-01-15,54.369998931884766
2026-01-16,54.439998626708984
2026-01-20,53.20000076293945
2026-01-21,53.459999084472656
2026-01-22,53.810001373291016
2026-01-23,53.06999969482422
